"filename", "language", "CMake", "Markdown", "C++", "Makefile", "CMakeCache", "YAML", "TypeScript", "Log", "HTML", "CSS", "JavaScript", "XML", "comment", "blank", "total"
"/home/bradarb/Documents/Liquid-Growth/.github/workflows/main.yml", "YAML", 0, 0, 0, 0, 0, 19, 0, 0, 0, 0, 0, 0, 12, 9, 40
"/home/bradarb/Documents/Liquid-Growth/CMakeLists.txt", "CMake", 29, 0, 0, 0, 0, 0, 0, 0, 0, 0, 0, 0, 15, 26, 70
"/home/bradarb/Documents/Liquid-Growth/Doxygen/doc_pages/mainpage.md", "Markdown", 0, 3, 0, 0, 0, 0, 0, 0, 0, 0, 0, 0, 0, 2, 5
"/home/bradarb/Documents/Liquid-Growth/Doxygen/html/_c_make_c_x_x_compiler_id_8cpp.html", "HTML", 0, 0, 0, 0, 0, 0, 0, 0, 384, 0, 0, 0, 5, 29, 418
"/home/bradarb/Documents/Liquid-Growth/Doxygen/html/_doxygen__main_8md.html", "HTML", 0, 0, 0, 0, 0, 0, 0, 0, 75, 0, 0, 0, 5, 3, 83
"/home/bradarb/Documents/Liquid-Growth/Doxygen/html/_r_e_a_d_m_e_8md.html", "HTML", 0, 0, 0, 0, 0, 0, 0, 0, 75, 0, 0, 0, 5, 3, 83
"/home/bradarb/Documents/Liquid-Growth/Doxygen/html/annotated.html", "HTML", 0, 0, 0, 0, 0, 0, 0, 0, 233, 0, 0, 0, 5, 3, 241
"/home/bradarb/Documents/Liquid-Growth/Doxygen/html/catch_8cc.html", "HTML", 0, 0, 0, 0, 0, 0, 0, 0, 101, 0, 0, 0, 5, 5, 111
"/home/bradarb/Documents/Liquid-Growth/Doxygen/html/catch_8cc_8o_8d.html", "HTML", 0, 0, 0, 0, 0, 0, 0, 0, 79, 0, 0, 0, 5, 3, 87
"/home/bradarb/Documents/Liquid-Growth/Doxygen/html/catch_8hpp.html", "HTML", 0, 0, 0, 0, 0, 0, 0, 0, 6805, 0, 0, 0, 5, 391, 7201
"/home/bradarb/Documents/Liquid-Growth/Doxygen/html/catch_8hpp_source.html", "HTML", 0, 0, 0, 0, 0, 0, 0, 0, 18557, 0, 0, 0, 5, 3, 18565
"/home/bradarb/Documents/Liquid-Growth/Doxygen/html/class_catch_1_1_assertion_handler-members.html", "HTML", 0, 0, 0, 0, 0, 0, 0, 0, 94, 0, 0, 0, 5, 4, 103
"/home/bradarb/Documents/Liquid-Growth/Doxygen/html/class_catch_1_1_assertion_handler.html", "HTML", 0, 0, 0, 0, 0, 0, 0, 0, 368, 0, 0, 0, 5, 30, 403
"/home/bradarb/Documents/Liquid-Growth/Doxygen/html/class_catch_1_1_binary_expr-members.html", "HTML", 0, 0, 0, 0, 0, 0, 0, 0, 96, 0, 0, 0, 5, 4, 105
"/home/bradarb/Documents/Liquid-Growth/Doxygen/html/class_catch_1_1_binary_expr.html", "HTML", 0, 0, 0, 0, 0, 0, 0, 0, 418, 0, 0, 0, 5, 22, 445
"/home/bradarb/Documents/Liquid-Growth/Doxygen/html/class_catch_1_1_capturer-members.html", "HTML", 0, 0, 0, 0, 0, 0, 0, 0, 86, 0, 0, 0, 5, 4, 95
"/home/bradarb/Documents/Liquid-Growth/Doxygen/html/class_catch_1_1_capturer.html", "HTML", 0, 0, 0, 0, 0, 0, 0, 0, 261, 0, 0, 0, 5, 14, 280
"/home/bradarb/Documents/Liquid-Growth/Doxygen/html/class_catch_1_1_detail_1_1_approx-members.html", "HTML", 0, 0, 0, 0, 0, 0, 0, 0, 98, 0, 0, 0, 5, 4, 107
"/home/bradarb/Documents/Liquid-Growth/Doxygen/html/class_catch_1_1_detail_1_1_approx.html", "HTML", 0, 0, 0, 0, 0, 0, 0, 0, 643, 0, 0, 0, 5, 38, 686
"/home/bradarb/Documents/Liquid-Growth/Doxygen/html/class_catch_1_1_detail_1_1_is_stream_insertable-members.html", "HTML", 0, 0, 0, 0, 0, 0, 0, 0, 82, 0, 0, 0, 5, 4, 91
"/home/bradarb/Documents/Liquid-Growth/Doxygen/html/class_catch_1_1_detail_1_1_is_stream_insertable.html", "HTML", 0, 0, 0, 0, 0, 0, 0, 0, 115, 0, 0, 0, 5, 6, 126
"/home/bradarb/Documents/Liquid-Growth/Doxygen/html/class_catch_1_1_exception_translator_registrar-members.html", "HTML", 0, 0, 0, 0, 0, 0, 0, 0, 82, 0, 0, 0, 5, 4, 91
"/home/bradarb/Documents/Liquid-Growth/Doxygen/html/class_catch_1_1_exception_translator_registrar.html", "HTML", 0, 0, 0, 0, 0, 0, 0, 0, 121, 0, 0, 0, 5, 6, 132
"/home/bradarb/Documents/Liquid-Growth/Doxygen/html/class_catch_1_1_expr_lhs-members.html", "HTML", 0, 0, 0, 0, 0, 0, 0, 0, 96, 0, 0, 0, 5, 4, 105
"/home/bradarb/Documents/Liquid-Growth/Doxygen/html/class_catch_1_1_expr_lhs.html", "HTML", 0, 0, 0, 0, 0, 0, 0, 0, 544, 0, 0, 0, 5, 34, 583
"/home/bradarb/Documents/Liquid-Growth/Doxygen/html/class_catch_1_1_generator_exception-members.html", "HTML", 0, 0, 0, 0, 0, 0, 0, 0, 83, 0, 0, 0, 5, 4, 92
"/home/bradarb/Documents/Liquid-Growth/Doxygen/html/class_catch_1_1_generator_exception.html", "HTML", 0, 0, 0, 0, 0, 0, 0, 0, 149, 0, 0, 0, 5, 8, 162
"/home/bradarb/Documents/Liquid-Growth/Doxygen/html/class_catch_1_1_generators_1_1_chunk_generator-members.html", "HTML", 0, 0, 0, 0, 0, 0, 0, 0, 88, 0, 0, 0, 5, 4, 97
"/home/bradarb/Documents/Liquid-Growth/Doxygen/html/class_catch_1_1_generators_1_1_chunk_generator.html", "HTML", 0, 0, 0, 0, 0, 0, 0, 0, 214, 0, 0, 0, 5, 12, 231
"/home/bradarb/Documents/Liquid-Growth/Doxygen/html/class_catch_1_1_generators_1_1_filter_generator-members.html", "HTML", 0, 0, 0, 0, 0, 0, 0, 0, 88, 0, 0, 0, 5, 4, 97
"/home/bradarb/Documents/Liquid-Growth/Doxygen/html/class_catch_1_1_generators_1_1_filter_generator.html", "HTML", 0, 0, 0, 0, 0, 0, 0, 0, 217, 0, 0, 0, 5, 12, 234
"/home/bradarb/Documents/Liquid-Growth/Doxygen/html/class_catch_1_1_generators_1_1_fixed_values_generator-members.html", "HTML", 0, 0, 0, 0, 0, 0, 0, 0, 88, 0, 0, 0, 5, 4, 97
"/home/bradarb/Documents/Liquid-Growth/Doxygen/html/class_catch_1_1_generators_1_1_fixed_values_generator.html", "HTML", 0, 0, 0, 0, 0, 0, 0, 0, 204, 0, 0, 0, 5, 12, 221
"/home/bradarb/Documents/Liquid-Growth/Doxygen/html/class_catch_1_1_generators_1_1_generator_untyped_base-members.html", "HTML", 0, 0, 0, 0, 0, 0, 0, 0, 84, 0, 0, 0, 5, 4, 93
"/home/bradarb/Documents/Liquid-Growth/Doxygen/html/class_catch_1_1_generators_1_1_generator_untyped_base.html", "HTML", 0, 0, 0, 0, 0, 0, 0, 0, 192, 0, 0, 0, 5, 11, 208
"/home/bradarb/Documents/Liquid-Growth/Doxygen/html/class_catch_1_1_generators_1_1_generator_wrapper-members.html", "HTML", 0, 0, 0, 0, 0, 0, 0, 0, 84, 0, 0, 0, 5, 4, 93
"/home/bradarb/Documents/Liquid-Growth/Doxygen/html/class_catch_1_1_generators_1_1_generator_wrapper.html", "HTML", 0, 0, 0, 0, 0, 0, 0, 0, 174, 0, 0, 0, 5, 10, 189
"/home/bradarb/Documents/Liquid-Growth/Doxygen/html/class_catch_1_1_generators_1_1_generators-members.html", "HTML", 0, 0, 0, 0, 0, 0, 0, 0, 88, 0, 0, 0, 5, 4, 97
"/home/bradarb/Documents/Liquid-Growth/Doxygen/html/class_catch_1_1_generators_1_1_generators.html", "HTML", 0, 0, 0, 0, 0, 0, 0, 0, 207, 0, 0, 0, 5, 12, 224
"/home/bradarb/Documents/Liquid-Growth/Doxygen/html/class_catch_1_1_generators_1_1_iterator_generator-members.html", "HTML", 0, 0, 0, 0, 0, 0, 0, 0, 88, 0, 0, 0, 5, 4, 97
"/home/bradarb/Documents/Liquid-Growth/Doxygen/html/class_catch_1_1_generators_1_1_iterator_generator.html", "HTML", 0, 0, 0, 0, 0, 0, 0, 0, 217, 0, 0, 0, 5, 12, 234
"/home/bradarb/Documents/Liquid-Growth/Doxygen/html/class_catch_1_1_generators_1_1_map_generator-members.html", "HTML", 0, 0, 0, 0, 0, 0, 0, 0, 88, 0, 0, 0, 5, 4, 97
"/home/bradarb/Documents/Liquid-Growth/Doxygen/html/class_catch_1_1_generators_1_1_map_generator.html", "HTML", 0, 0, 0, 0, 0, 0, 0, 0, 217, 0, 0, 0, 5, 12, 234
"/home/bradarb/Documents/Liquid-Growth/Doxygen/html/class_catch_1_1_generators_1_1_random_floating_generator-members.html", "HTML", 0, 0, 0, 0, 0, 0, 0, 0, 88, 0, 0, 0, 5, 4, 97
"/home/bradarb/Documents/Liquid-Growth/Doxygen/html/class_catch_1_1_generators_1_1_random_floating_generator.html", "HTML", 0, 0, 0, 0, 0, 0, 0, 0, 214, 0, 0, 0, 5, 12, 231
"/home/bradarb/Documents/Liquid-Growth/Doxygen/html/class_catch_1_1_generators_1_1_random_integer_generator-members.html", "HTML", 0, 0, 0, 0, 0, 0, 0, 0, 88, 0, 0, 0, 5, 4, 97
"/home/bradarb/Documents/Liquid-Growth/Doxygen/html/class_catch_1_1_generators_1_1_random_integer_generator.html", "HTML", 0, 0, 0, 0, 0, 0, 0, 0, 214, 0, 0, 0, 5, 12, 231
"/home/bradarb/Documents/Liquid-Growth/Doxygen/html/class_catch_1_1_generators_1_1_range_generator-members.html", "HTML", 0, 0, 0, 0, 0, 0, 0, 0, 89, 0, 0, 0, 5, 4, 98
"/home/bradarb/Documents/Liquid-Growth/Doxygen/html/class_catch_1_1_generators_1_1_range_generator.html", "HTML", 0, 0, 0, 0, 0, 0, 0, 0, 258, 0, 0, 0, 5, 14, 277
"/home/bradarb/Documents/Liquid-Growth/Doxygen/html/class_catch_1_1_generators_1_1_repeat_generator-members.html", "HTML", 0, 0, 0, 0, 0, 0, 0, 0, 88, 0, 0, 0, 5, 4, 97
"/home/bradarb/Documents/Liquid-Growth/Doxygen/html/class_catch_1_1_generators_1_1_repeat_generator.html", "HTML", 0, 0, 0, 0, 0, 0, 0, 0, 214, 0, 0, 0, 5, 12, 231
"/home/bradarb/Documents/Liquid-Growth/Doxygen/html/class_catch_1_1_generators_1_1_single_value_generator-members.html", "HTML", 0, 0, 0, 0, 0, 0, 0, 0, 88, 0, 0, 0, 5, 4, 97
"/home/bradarb/Documents/Liquid-Growth/Doxygen/html/class_catch_1_1_generators_1_1_single_value_generator.html", "HTML", 0, 0, 0, 0, 0, 0, 0, 0, 204, 0, 0, 0, 5, 12, 221
"/home/bradarb/Documents/Liquid-Growth/Doxygen/html/class_catch_1_1_generators_1_1_take_generator-members.html", "HTML", 0, 0, 0, 0, 0, 0, 0, 0, 88, 0, 0, 0, 5, 4, 97
"/home/bradarb/Documents/Liquid-Growth/Doxygen/html/class_catch_1_1_generators_1_1_take_generator.html", "HTML", 0, 0, 0, 0, 0, 0, 0, 0, 214, 0, 0, 0, 5, 12, 231
"/home/bradarb/Documents/Liquid-Growth/Doxygen/html/class_catch_1_1_lazy_expression-members.html", "HTML", 0, 0, 0, 0, 0, 0, 0, 0, 89, 0, 0, 0, 5, 4, 98
"/home/bradarb/Documents/Liquid-Growth/Doxygen/html/class_catch_1_1_lazy_expression.html", "HTML", 0, 0, 0, 0, 0, 0, 0, 0, 286, 0, 0, 0, 5, 20, 311
"/home/bradarb/Documents/Liquid-Growth/Doxygen/html/class_catch_1_1_match_expr-members.html", "HTML", 0, 0, 0, 0, 0, 0, 0, 0, 89, 0, 0, 0, 5, 4, 98
"/home/bradarb/Documents/Liquid-Growth/Doxygen/html/class_catch_1_1_match_expr.html", "HTML", 0, 0, 0, 0, 0, 0, 0, 0, 193, 0, 0, 0, 5, 9, 207
"/home/bradarb/Documents/Liquid-Growth/Doxygen/html/class_catch_1_1_matchers_1_1_exception_1_1_exception_message_matcher-members.html", "HTML", 0, 0, 0, 0, 0, 0, 0, 0, 94, 0, 0, 0, 5, 4, 103
"/home/bradarb/Documents/Liquid-Growth/Doxygen/html/class_catch_1_1_matchers_1_1_exception_1_1_exception_message_matcher.html", "HTML", 0, 0, 0, 0, 0, 0, 0, 0, 211, 0, 0, 0, 5, 11, 227
"/home/bradarb/Documents/Liquid-Growth/Doxygen/html/class_catch_1_1_matchers_1_1_generic_1_1_predicate_matcher-members.html", "HTML", 0, 0, 0, 0, 0, 0, 0, 0, 93, 0, 0, 0, 5, 4, 102
"/home/bradarb/Documents/Liquid-Growth/Doxygen/html/class_catch_1_1_matchers_1_1_generic_1_1_predicate_matcher.html", "HTML", 0, 0, 0, 0, 0, 0, 0, 0, 227, 0, 0, 0, 5, 12, 244
"/home/bradarb/Documents/Liquid-Growth/Doxygen/html/class_catch_1_1_matchers_1_1_impl_1_1_matcher_untyped_base-members.html", "HTML", 0, 0, 0, 0, 0, 0, 0, 0, 88, 0, 0, 0, 5, 4, 97
"/home/bradarb/Documents/Liquid-Growth/Doxygen/html/class_catch_1_1_matchers_1_1_impl_1_1_matcher_untyped_base.html", "HTML", 0, 0, 0, 0, 0, 0, 0, 0, 298, 0, 0, 0, 5, 19, 322
"/home/bradarb/Documents/Liquid-Growth/Doxygen/html/class_catch_1_1_non_copyable-members.html", "HTML", 0, 0, 0, 0, 0, 0, 0, 0, 83, 0, 0, 0, 5, 4, 92
"/home/bradarb/Documents/Liquid-Growth/Doxygen/html/class_catch_1_1_non_copyable.html", "HTML", 0, 0, 0, 0, 0, 0, 0, 0, 153, 0, 0, 0, 5, 8, 166
"/home/bradarb/Documents/Liquid-Growth/Doxygen/html/class_catch_1_1_option-members.html", "HTML", 0, 0, 0, 0, 0, 0, 0, 0, 97, 0, 0, 0, 5, 4, 106
"/home/bradarb/Documents/Liquid-Growth/Doxygen/html/class_catch_1_1_option.html", "HTML", 0, 0, 0, 0, 0, 0, 0, 0, 529, 0, 0, 0, 5, 36, 570
"/home/bradarb/Documents/Liquid-Growth/Doxygen/html/class_catch_1_1_reusable_string_stream-members.html", "HTML", 0, 0, 0, 0, 0, 0, 0, 0, 86, 0, 0, 0, 5, 4, 95
"/home/bradarb/Documents/Liquid-Growth/Doxygen/html/class_catch_1_1_reusable_string_stream.html", "HTML", 0, 0, 0, 0, 0, 0, 0, 0, 206, 0, 0, 0, 5, 14, 225
"/home/bradarb/Documents/Liquid-Growth/Doxygen/html/class_catch_1_1_scoped_message-members.html", "HTML", 0, 0, 0, 0, 0, 0, 0, 0, 87, 0, 0, 0, 5, 4, 96
"/home/bradarb/Documents/Liquid-Growth/Doxygen/html/class_catch_1_1_scoped_message.html", "HTML", 0, 0, 0, 0, 0, 0, 0, 0, 211, 0, 0, 0, 5, 16, 232
"/home/bradarb/Documents/Liquid-Growth/Doxygen/html/class_catch_1_1_section-members.html", "HTML", 0, 0, 0, 0, 0, 0, 0, 0, 84, 0, 0, 0, 5, 4, 93
"/home/bradarb/Documents/Liquid-Growth/Doxygen/html/class_catch_1_1_section.html", "HTML", 0, 0, 0, 0, 0, 0, 0, 0, 161, 0, 0, 0, 5, 10, 176
"/home/bradarb/Documents/Liquid-Growth/Doxygen/html/class_catch_1_1_simple_pcg32-members.html", "HTML", 0, 0, 0, 0, 0, 0, 0, 0, 91, 0, 0, 0, 5, 4, 100
"/home/bradarb/Documents/Liquid-Growth/Doxygen/html/class_catch_1_1_simple_pcg32.html", "HTML", 0, 0, 0, 0, 0, 0, 0, 0, 346, 0, 0, 0, 5, 24, 375
"/home/bradarb/Documents/Liquid-Growth/Doxygen/html/class_catch_1_1_string_ref-members.html", "HTML", 0, 0, 0, 0, 0, 0, 0, 0, 99, 0, 0, 0, 5, 4, 108
"/home/bradarb/Documents/Liquid-Growth/Doxygen/html/class_catch_1_1_string_ref.html", "HTML", 0, 0, 0, 0, 0, 0, 0, 0, 546, 0, 0, 0, 5, 40, 591
"/home/bradarb/Documents/Liquid-Growth/Doxygen/html/class_catch_1_1_test_case-members.html", "HTML", 0, 0, 0, 0, 0, 0, 0, 0, 108, 0, 0, 0, 5, 4, 117
"/home/bradarb/Documents/Liquid-Growth/Doxygen/html/class_catch_1_1_test_case.html", "HTML", 0, 0, 0, 0, 0, 0, 0, 0, 261, 0, 0, 0, 5, 16, 282
"/home/bradarb/Documents/Liquid-Growth/Doxygen/html/class_catch_1_1_test_invoker_as_method-members.html", "HTML", 0, 0, 0, 0, 0, 0, 0, 0, 84, 0, 0, 0, 5, 4, 93
"/home/bradarb/Documents/Liquid-Growth/Doxygen/html/class_catch_1_1_test_invoker_as_method.html", "HTML", 0, 0, 0, 0, 0, 0, 0, 0, 162, 0, 0, 0, 5, 9, 176
"/home/bradarb/Documents/Liquid-Growth/Doxygen/html/class_catch_1_1_timer-members.html", "HTML", 0, 0, 0, 0, 0, 0, 0, 0, 86, 0, 0, 0, 5, 4, 95
"/home/bradarb/Documents/Liquid-Growth/Doxygen/html/class_catch_1_1_timer.html", "HTML", 0, 0, 0, 0, 0, 0, 0, 0, 176, 0, 0, 0, 5, 14, 195
"/home/bradarb/Documents/Liquid-Growth/Doxygen/html/class_catch_1_1_unary_expr-members.html", "HTML", 0, 0, 0, 0, 0, 0, 0, 0, 88, 0, 0, 0, 5, 4, 97
"/home/bradarb/Documents/Liquid-Growth/Doxygen/html/class_catch_1_1_unary_expr.html", "HTML", 0, 0, 0, 0, 0, 0, 0, 0, 147, 0, 0, 0, 5, 6, 158
"/home/bradarb/Documents/Liquid-Growth/Doxygen/html/class_collection-members.html", "HTML", 0, 0, 0, 0, 0, 0, 0, 0, 95, 0, 0, 0, 5, 4, 104
"/home/bradarb/Documents/Liquid-Growth/Doxygen/html/class_collection.html", "HTML", 0, 0, 0, 0, 0, 0, 0, 0, 493, 0, 0, 0, 5, 42, 540
"/home/bradarb/Documents/Liquid-Growth/Doxygen/html/class_shiny-members.html", "HTML", 0, 0, 0, 0, 0, 0, 0, 0, 82, 0, 0, 0, 5, 4, 91
"/home/bradarb/Documents/Liquid-Growth/Doxygen/html/class_shiny.html", "HTML", 0, 0, 0, 0, 0, 0, 0, 0, 193, 0, 0, 0, 5, 15, 213
"/home/bradarb/Documents/Liquid-Growth/Doxygen/html/class_vase-members.html", "HTML", 0, 0, 0, 0, 0, 0, 0, 0, 99, 0, 0, 0, 5, 4, 108
"/home/bradarb/Documents/Liquid-Growth/Doxygen/html/class_vase.html", "HTML", 0, 0, 0, 0, 0, 0, 0, 0, 527, 0, 0, 0, 5, 48, 580
"/home/bradarb/Documents/Liquid-Growth/Doxygen/html/classes.html", "HTML", 0, 0, 0, 0, 0, 0, 0, 0, 135, 0, 0, 0, 5, 3, 143
"/home/bradarb/Documents/Liquid-Growth/Doxygen/html/collection_8cc.html", "HTML", 0, 0, 0, 0, 0, 0, 0, 0, 80, 0, 0, 0, 5, 3, 88
"/home/bradarb/Documents/Liquid-Growth/Doxygen/html/collection_8cc_8o_8d.html", "HTML", 0, 0, 0, 0, 0, 0, 0, 0, 79, 0, 0, 0, 5, 3, 87
"/home/bradarb/Documents/Liquid-Growth/Doxygen/html/collection_8hpp.html", "HTML", 0, 0, 0, 0, 0, 0, 0, 0, 90, 0, 0, 0, 5, 3, 98
"/home/bradarb/Documents/Liquid-Growth/Doxygen/html/collection_8hpp_source.html", "HTML", 0, 0, 0, 0, 0, 0, 0, 0, 182, 0, 0, 0, 5, 3, 190
"/home/bradarb/Documents/Liquid-Growth/Doxygen/html/dir_07409a69de0eeb0ac5c9e546dfe66cf1.html", "HTML", 0, 0, 0, 0, 0, 0, 0, 0, 85, 0, 0, 0, 5, 3, 93
"/home/bradarb/Documents/Liquid-Growth/Doxygen/html/dir_09e761304027c904456130627fd4dcf5.html", "HTML", 0, 0, 0, 0, 0, 0, 0, 0, 89, 0, 0, 0, 5, 3, 97
"/home/bradarb/Documents/Liquid-Growth/Doxygen/html/dir_1148ebc2b25b55095aebf6f4cbb6efca.html", "HTML", 0, 0, 0, 0, 0, 0, 0, 0, 85, 0, 0, 0, 5, 3, 93
"/home/bradarb/Documents/Liquid-Growth/Doxygen/html/dir_32ccb6f3a6b9cf06243dec26df6d7baf.html", "HTML", 0, 0, 0, 0, 0, 0, 0, 0, 85, 0, 0, 0, 5, 3, 93
"/home/bradarb/Documents/Liquid-Growth/Doxygen/html/dir_4fef79e7177ba769987a8da36c892c5f.html", "HTML", 0, 0, 0, 0, 0, 0, 0, 0, 85, 0, 0, 0, 5, 3, 93
"/home/bradarb/Documents/Liquid-Growth/Doxygen/html/dir_59425e443f801f1f2fd8bbe4959a3ccf.html", "HTML", 0, 0, 0, 0, 0, 0, 0, 0, 89, 0, 0, 0, 5, 3, 97
"/home/bradarb/Documents/Liquid-Growth/Doxygen/html/dir_627415860a62bf7382f2c3f07eac7e6d.html", "HTML", 0, 0, 0, 0, 0, 0, 0, 0, 85, 0, 0, 0, 5, 3, 93
"/home/bradarb/Documents/Liquid-Growth/Doxygen/html/dir_63772b626f2709090f0bdca0f40827b4.html", "HTML", 0, 0, 0, 0, 0, 0, 0, 0, 91, 0, 0, 0, 5, 3, 99
"/home/bradarb/Documents/Liquid-Growth/Doxygen/html/dir_68267d1309a1af8e8297ef4c3efbcdba.html", "HTML", 0, 0, 0, 0, 0, 0, 0, 0, 91, 0, 0, 0, 5, 3, 99
"/home/bradarb/Documents/Liquid-Growth/Doxygen/html/dir_6abd9d7b823d8e23b18e52ae993ed5e8.html", "HTML", 0, 0, 0, 0, 0, 0, 0, 0, 85, 0, 0, 0, 5, 3, 93
"/home/bradarb/Documents/Liquid-Growth/Doxygen/html/dir_90a58f0bdd45ce6143f7d8ce31855070.html", "HTML", 0, 0, 0, 0, 0, 0, 0, 0, 87, 0, 0, 0, 5, 3, 95
"/home/bradarb/Documents/Liquid-Growth/Doxygen/html/dir_929bd7c84f1d684fccc600aa3e466487.html", "HTML", 0, 0, 0, 0, 0, 0, 0, 0, 79, 0, 0, 0, 5, 3, 87
"/home/bradarb/Documents/Liquid-Growth/Doxygen/html/dir_abf3ea833a763a8841bf453576f51d66.html", "HTML", 0, 0, 0, 0, 0, 0, 0, 0, 85, 0, 0, 0, 5, 3, 93
"/home/bradarb/Documents/Liquid-Growth/Doxygen/html/dir_c8d86b3816d878447193afe40971eeb6.html", "HTML", 0, 0, 0, 0, 0, 0, 0, 0, 89, 0, 0, 0, 5, 3, 97
"/home/bradarb/Documents/Liquid-Growth/Doxygen/html/dir_d1f2f04c38ac659ddc57a47e86c1feef.html", "HTML", 0, 0, 0, 0, 0, 0, 0, 0, 85, 0, 0, 0, 5, 3, 93
"/home/bradarb/Documents/Liquid-Growth/Doxygen/html/doxygen.css", "CSS", 0, 0, 0, 0, 0, 0, 0, 0, 0, 1617, 0, 0, 49, 308, 1974
"/home/bradarb/Documents/Liquid-Growth/Doxygen/html/doxygen.svg", "XML", 0, 0, 0, 0, 0, 0, 0, 0, 0, 0, 0, 26, 0, 1, 27
"/home/bradarb/Documents/Liquid-Growth/Doxygen/html/dynsections.js", "JavaScript", 0, 0, 0, 0, 0, 0, 0, 0, 0, 0, 82, 0, 32, 10, 124
"/home/bradarb/Documents/Liquid-Growth/Doxygen/html/files.html", "HTML", 0, 0, 0, 0, 0, 0, 0, 0, 111, 0, 0, 0, 5, 3, 119
"/home/bradarb/Documents/Liquid-Growth/Doxygen/html/functions.html", "HTML", 0, 0, 0, 0, 0, 0, 0, 0, 95, 0, 0, 0, 5, 4, 104
"/home/bradarb/Documents/Liquid-Growth/Doxygen/html/functions_b.html", "HTML", 0, 0, 0, 0, 0, 0, 0, 0, 86, 0, 0, 0, 5, 4, 95
"/home/bradarb/Documents/Liquid-Growth/Doxygen/html/functions_c.html", "HTML", 0, 0, 0, 0, 0, 0, 0, 0, 95, 0, 0, 0, 5, 4, 104
"/home/bradarb/Documents/Liquid-Growth/Doxygen/html/functions_d.html", "HTML", 0, 0, 0, 0, 0, 0, 0, 0, 84, 0, 0, 0, 5, 4, 93
"/home/bradarb/Documents/Liquid-Growth/Doxygen/html/functions_e.html", "HTML", 0, 0, 0, 0, 0, 0, 0, 0, 90, 0, 0, 0, 5, 4, 99
"/home/bradarb/Documents/Liquid-Growth/Doxygen/html/functions_enum.html", "HTML", 0, 0, 0, 0, 0, 0, 0, 0, 83, 0, 0, 0, 5, 3, 91
"/home/bradarb/Documents/Liquid-Growth/Doxygen/html/functions_eval.html", "HTML", 0, 0, 0, 0, 0, 0, 0, 0, 140, 0, 0, 0, 5, 32, 177
"/home/bradarb/Documents/Liquid-Growth/Doxygen/html/functions_f.html", "HTML", 0, 0, 0, 0, 0, 0, 0, 0, 84, 0, 0, 0, 5, 4, 93
"/home/bradarb/Documents/Liquid-Growth/Doxygen/html/functions_func.html", "HTML", 0, 0, 0, 0, 0, 0, 0, 0, 90, 0, 0, 0, 5, 4, 99
"/home/bradarb/Documents/Liquid-Growth/Doxygen/html/functions_func_b.html", "HTML", 0, 0, 0, 0, 0, 0, 0, 0, 82, 0, 0, 0, 5, 4, 91
"/home/bradarb/Documents/Liquid-Growth/Doxygen/html/functions_func_c.html", "HTML", 0, 0, 0, 0, 0, 0, 0, 0, 89, 0, 0, 0, 5, 4, 98
"/home/bradarb/Documents/Liquid-Growth/Doxygen/html/functions_func_d.html", "HTML", 0, 0, 0, 0, 0, 0, 0, 0, 80, 0, 0, 0, 5, 4, 89
"/home/bradarb/Documents/Liquid-Growth/Doxygen/html/functions_func_e.html", "HTML", 0, 0, 0, 0, 0, 0, 0, 0, 86, 0, 0, 0, 5, 4, 95
"/home/bradarb/Documents/Liquid-Growth/Doxygen/html/functions_func_f.html", "HTML", 0, 0, 0, 0, 0, 0, 0, 0, 77, 0, 0, 0, 5, 4, 86
"/home/bradarb/Documents/Liquid-Growth/Doxygen/html/functions_func_g.html", "HTML", 0, 0, 0, 0, 0, 0, 0, 0, 114, 0, 0, 0, 5, 4, 123
"/home/bradarb/Documents/Liquid-Growth/Doxygen/html/functions_func_h.html", "HTML", 0, 0, 0, 0, 0, 0, 0, 0, 87, 0, 0, 0, 5, 4, 96
"/home/bradarb/Documents/Liquid-Growth/Doxygen/html/functions_func_i.html", "HTML", 0, 0, 0, 0, 0, 0, 0, 0, 82, 0, 0, 0, 5, 4, 91
"/home/bradarb/Documents/Liquid-Growth/Doxygen/html/functions_func_l.html", "HTML", 0, 0, 0, 0, 0, 0, 0, 0, 79, 0, 0, 0, 5, 4, 88
"/home/bradarb/Documents/Liquid-Growth/Doxygen/html/functions_func_m.html", "HTML", 0, 0, 0, 0, 0, 0, 0, 0, 87, 0, 0, 0, 5, 4, 96
"/home/bradarb/Documents/Liquid-Growth/Doxygen/html/functions_func_n.html", "HTML", 0, 0, 0, 0, 0, 0, 0, 0, 81, 0, 0, 0, 5, 4, 90
"/home/bradarb/Documents/Liquid-Growth/Doxygen/html/functions_func_o.html", "HTML", 0, 0, 0, 0, 0, 0, 0, 0, 100, 0, 0, 0, 5, 4, 109
"/home/bradarb/Documents/Liquid-Growth/Doxygen/html/functions_func_p.html", "HTML", 0, 0, 0, 0, 0, 0, 0, 0, 80, 0, 0, 0, 5, 4, 89
"/home/bradarb/Documents/Liquid-Growth/Doxygen/html/functions_func_r.html", "HTML", 0, 0, 0, 0, 0, 0, 0, 0, 92, 0, 0, 0, 5, 4, 101
"/home/bradarb/Documents/Liquid-Growth/Doxygen/html/functions_func_s.html", "HTML", 0, 0, 0, 0, 0, 0, 0, 0, 113, 0, 0, 0, 5, 4, 122
"/home/bradarb/Documents/Liquid-Growth/Doxygen/html/functions_func_t.html", "HTML", 0, 0, 0, 0, 0, 0, 0, 0, 88, 0, 0, 0, 5, 4, 97
"/home/bradarb/Documents/Liquid-Growth/Doxygen/html/functions_func_u.html", "HTML", 0, 0, 0, 0, 0, 0, 0, 0, 79, 0, 0, 0, 5, 4, 88
"/home/bradarb/Documents/Liquid-Growth/Doxygen/html/functions_func_v.html", "HTML", 0, 0, 0, 0, 0, 0, 0, 0, 78, 0, 0, 0, 5, 4, 87
"/home/bradarb/Documents/Liquid-Growth/Doxygen/html/functions_func_w.html", "HTML", 0, 0, 0, 0, 0, 0, 0, 0, 82, 0, 0, 0, 5, 4, 91
"/home/bradarb/Documents/Liquid-Growth/Doxygen/html/functions_func_~.html", "HTML", 0, 0, 0, 0, 0, 0, 0, 0, 103, 0, 0, 0, 5, 4, 112
"/home/bradarb/Documents/Liquid-Growth/Doxygen/html/functions_g.html", "HTML", 0, 0, 0, 0, 0, 0, 0, 0, 115, 0, 0, 0, 5, 4, 124
"/home/bradarb/Documents/Liquid-Growth/Doxygen/html/functions_h.html", "HTML", 0, 0, 0, 0, 0, 0, 0, 0, 87, 0, 0, 0, 5, 4, 96
"/home/bradarb/Documents/Liquid-Growth/Doxygen/html/functions_i.html", "HTML", 0, 0, 0, 0, 0, 0, 0, 0, 88, 0, 0, 0, 5, 4, 97
"/home/bradarb/Documents/Liquid-Growth/Doxygen/html/functions_l.html", "HTML", 0, 0, 0, 0, 0, 0, 0, 0, 83, 0, 0, 0, 5, 4, 92
"/home/bradarb/Documents/Liquid-Growth/Doxygen/html/functions_m.html", "HTML", 0, 0, 0, 0, 0, 0, 0, 0, 106, 0, 0, 0, 5, 4, 115
"/home/bradarb/Documents/Liquid-Growth/Doxygen/html/functions_n.html", "HTML", 0, 0, 0, 0, 0, 0, 0, 0, 90, 0, 0, 0, 5, 4, 99
"/home/bradarb/Documents/Liquid-Growth/Doxygen/html/functions_o.html", "HTML", 0, 0, 0, 0, 0, 0, 0, 0, 103, 0, 0, 0, 5, 4, 112
"/home/bradarb/Documents/Liquid-Growth/Doxygen/html/functions_p.html", "HTML", 0, 0, 0, 0, 0, 0, 0, 0, 84, 0, 0, 0, 5, 4, 93
"/home/bradarb/Documents/Liquid-Growth/Doxygen/html/functions_r.html", "HTML", 0, 0, 0, 0, 0, 0, 0, 0, 95, 0, 0, 0, 5, 4, 104
"/home/bradarb/Documents/Liquid-Growth/Doxygen/html/functions_rela.html", "HTML", 0, 0, 0, 0, 0, 0, 0, 0, 85, 0, 0, 0, 5, 3, 93
"/home/bradarb/Documents/Liquid-Growth/Doxygen/html/functions_s.html", "HTML", 0, 0, 0, 0, 0, 0, 0, 0, 122, 0, 0, 0, 5, 4, 131
"/home/bradarb/Documents/Liquid-Growth/Doxygen/html/functions_t.html", "HTML", 0, 0, 0, 0, 0, 0, 0, 0, 93, 0, 0, 0, 5, 4, 102
"/home/bradarb/Documents/Liquid-Growth/Doxygen/html/functions_type.html", "HTML", 0, 0, 0, 0, 0, 0, 0, 0, 78, 0, 0, 0, 5, 3, 86
"/home/bradarb/Documents/Liquid-Growth/Doxygen/html/functions_u.html", "HTML", 0, 0, 0, 0, 0, 0, 0, 0, 81, 0, 0, 0, 5, 4, 90
"/home/bradarb/Documents/Liquid-Growth/Doxygen/html/functions_v.html", "HTML", 0, 0, 0, 0, 0, 0, 0, 0, 79, 0, 0, 0, 5, 4, 88
"/home/bradarb/Documents/Liquid-Growth/Doxygen/html/functions_vars.html", "HTML", 0, 0, 0, 0, 0, 0, 0, 0, 150, 0, 0, 0, 5, 30, 185
"/home/bradarb/Documents/Liquid-Growth/Doxygen/html/functions_w.html", "HTML", 0, 0, 0, 0, 0, 0, 0, 0, 85, 0, 0, 0, 5, 4, 94
"/home/bradarb/Documents/Liquid-Growth/Doxygen/html/functions_y.html", "HTML", 0, 0, 0, 0, 0, 0, 0, 0, 77, 0, 0, 0, 5, 4, 86
"/home/bradarb/Documents/Liquid-Growth/Doxygen/html/functions_~.html", "HTML", 0, 0, 0, 0, 0, 0, 0, 0, 103, 0, 0, 0, 5, 4, 112
"/home/bradarb/Documents/Liquid-Growth/Doxygen/html/globals.html", "HTML", 0, 0, 0, 0, 0, 0, 0, 0, 76, 0, 0, 0, 5, 4, 85
"/home/bradarb/Documents/Liquid-Growth/Doxygen/html/globals_a.html", "HTML", 0, 0, 0, 0, 0, 0, 0, 0, 80, 0, 0, 0, 5, 4, 89
"/home/bradarb/Documents/Liquid-Growth/Doxygen/html/globals_c.html", "HTML", 0, 0, 0, 0, 0, 0, 0, 0, 148, 0, 0, 0, 5, 4, 157
"/home/bradarb/Documents/Liquid-Growth/Doxygen/html/globals_d.html", "HTML", 0, 0, 0, 0, 0, 0, 0, 0, 78, 0, 0, 0, 5, 4, 87
"/home/bradarb/Documents/Liquid-Growth/Doxygen/html/globals_defs.html", "HTML", 0, 0, 0, 0, 0, 0, 0, 0, 76, 0, 0, 0, 5, 4, 85
"/home/bradarb/Documents/Liquid-Growth/Doxygen/html/globals_defs_a.html", "HTML", 0, 0, 0, 0, 0, 0, 0, 0, 80, 0, 0, 0, 5, 4, 89
"/home/bradarb/Documents/Liquid-Growth/Doxygen/html/globals_defs_c.html", "HTML", 0, 0, 0, 0, 0, 0, 0, 0, 148, 0, 0, 0, 5, 4, 157
"/home/bradarb/Documents/Liquid-Growth/Doxygen/html/globals_defs_d.html", "HTML", 0, 0, 0, 0, 0, 0, 0, 0, 77, 0, 0, 0, 5, 4, 86
"/home/bradarb/Documents/Liquid-Growth/Doxygen/html/globals_defs_f.html", "HTML", 0, 0, 0, 0, 0, 0, 0, 0, 77, 0, 0, 0, 5, 4, 86
"/home/bradarb/Documents/Liquid-Growth/Doxygen/html/globals_defs_g.html", "HTML", 0, 0, 0, 0, 0, 0, 0, 0, 79, 0, 0, 0, 5, 4, 88
"/home/bradarb/Documents/Liquid-Growth/Doxygen/html/globals_defs_h.html", "HTML", 0, 0, 0, 0, 0, 0, 0, 0, 76, 0, 0, 0, 5, 4, 85
"/home/bradarb/Documents/Liquid-Growth/Doxygen/html/globals_defs_i.html", "HTML", 0, 0, 0, 0, 0, 0, 0, 0, 174, 0, 0, 0, 5, 4, 183
"/home/bradarb/Documents/Liquid-Growth/Doxygen/html/globals_defs_m.html", "HTML", 0, 0, 0, 0, 0, 0, 0, 0, 76, 0, 0, 0, 5, 4, 85
"/home/bradarb/Documents/Liquid-Growth/Doxygen/html/globals_defs_p.html", "HTML", 0, 0, 0, 0, 0, 0, 0, 0, 77, 0, 0, 0, 5, 4, 86
"/home/bradarb/Documents/Liquid-Growth/Doxygen/html/globals_defs_r.html", "HTML", 0, 0, 0, 0, 0, 0, 0, 0, 84, 0, 0, 0, 5, 4, 93
"/home/bradarb/Documents/Liquid-Growth/Doxygen/html/globals_defs_s.html", "HTML", 0, 0, 0, 0, 0, 0, 0, 0, 83, 0, 0, 0, 5, 4, 92
"/home/bradarb/Documents/Liquid-Growth/Doxygen/html/globals_defs_t.html", "HTML", 0, 0, 0, 0, 0, 0, 0, 0, 88, 0, 0, 0, 5, 4, 97
"/home/bradarb/Documents/Liquid-Growth/Doxygen/html/globals_defs_u.html", "HTML", 0, 0, 0, 0, 0, 0, 0, 0, 76, 0, 0, 0, 5, 4, 85
"/home/bradarb/Documents/Liquid-Growth/Doxygen/html/globals_defs_w.html", "HTML", 0, 0, 0, 0, 0, 0, 0, 0, 77, 0, 0, 0, 5, 4, 86
"/home/bradarb/Documents/Liquid-Growth/Doxygen/html/globals_f.html", "HTML", 0, 0, 0, 0, 0, 0, 0, 0, 77, 0, 0, 0, 5, 4, 86
"/home/bradarb/Documents/Liquid-Growth/Doxygen/html/globals_func.html", "HTML", 0, 0, 0, 0, 0, 0, 0, 0, 79, 0, 0, 0, 5, 3, 87
"/home/bradarb/Documents/Liquid-Growth/Doxygen/html/globals_g.html", "HTML", 0, 0, 0, 0, 0, 0, 0, 0, 79, 0, 0, 0, 5, 4, 88
"/home/bradarb/Documents/Liquid-Growth/Doxygen/html/globals_h.html", "HTML", 0, 0, 0, 0, 0, 0, 0, 0, 76, 0, 0, 0, 5, 4, 85
"/home/bradarb/Documents/Liquid-Growth/Doxygen/html/globals_i.html", "HTML", 0, 0, 0, 0, 0, 0, 0, 0, 179, 0, 0, 0, 5, 4, 188
"/home/bradarb/Documents/Liquid-Growth/Doxygen/html/globals_m.html", "HTML", 0, 0, 0, 0, 0, 0, 0, 0, 77, 0, 0, 0, 5, 4, 86
"/home/bradarb/Documents/Liquid-Growth/Doxygen/html/globals_o.html", "HTML", 0, 0, 0, 0, 0, 0, 0, 0, 77, 0, 0, 0, 5, 4, 86
"/home/bradarb/Documents/Liquid-Growth/Doxygen/html/globals_p.html", "HTML", 0, 0, 0, 0, 0, 0, 0, 0, 77, 0, 0, 0, 5, 4, 86
"/home/bradarb/Documents/Liquid-Growth/Doxygen/html/globals_r.html", "HTML", 0, 0, 0, 0, 0, 0, 0, 0, 84, 0, 0, 0, 5, 4, 93
"/home/bradarb/Documents/Liquid-Growth/Doxygen/html/globals_s.html", "HTML", 0, 0, 0, 0, 0, 0, 0, 0, 83, 0, 0, 0, 5, 4, 92
"/home/bradarb/Documents/Liquid-Growth/Doxygen/html/globals_t.html", "HTML", 0, 0, 0, 0, 0, 0, 0, 0, 88, 0, 0, 0, 5, 4, 97
"/home/bradarb/Documents/Liquid-Growth/Doxygen/html/globals_u.html", "HTML", 0, 0, 0, 0, 0, 0, 0, 0, 76, 0, 0, 0, 5, 4, 85
"/home/bradarb/Documents/Liquid-Growth/Doxygen/html/globals_vars.html", "HTML", 0, 0, 0, 0, 0, 0, 0, 0, 79, 0, 0, 0, 5, 3, 87
"/home/bradarb/Documents/Liquid-Growth/Doxygen/html/globals_w.html", "HTML", 0, 0, 0, 0, 0, 0, 0, 0, 77, 0, 0, 0, 5, 4, 86
"/home/bradarb/Documents/Liquid-Growth/Doxygen/html/hierarchy.html", "HTML", 0, 0, 0, 0, 0, 0, 0, 0, 250, 0, 0, 0, 5, 3, 258
"/home/bradarb/Documents/Liquid-Growth/Doxygen/html/index.html", "HTML", 0, 0, 0, 0, 0, 0, 0, 0, 79, 0, 0, 0, 5, 3, 87
"/home/bradarb/Documents/Liquid-Growth/Doxygen/html/jquery.js", "JavaScript", 0, 0, 0, 0, 0, 0, 0, 0, 0, 0, 6, 0, 27, 1, 34
"/home/bradarb/Documents/Liquid-Growth/Doxygen/html/main_8cc.html", "HTML", 0, 0, 0, 0, 0, 0, 0, 0, 193, 0, 0, 0, 5, 11, 209
"/home/bradarb/Documents/Liquid-Growth/Doxygen/html/main_8cc_8o_8d.html", "HTML", 0, 0, 0, 0, 0, 0, 0, 0, 79, 0, 0, 0, 5, 3, 87
"/home/bradarb/Documents/Liquid-Growth/Doxygen/html/mainpage_8md.html", "HTML", 0, 0, 0, 0, 0, 0, 0, 0, 75, 0, 0, 0, 5, 3, 83
"/home/bradarb/Documents/Liquid-Growth/Doxygen/html/md__doxygen_doc_pages__doxygen_main.html", "HTML", 0, 0, 0, 0, 0, 0, 0, 0, 76, 0, 0, 0, 5, 3, 84
"/home/bradarb/Documents/Liquid-Growth/Doxygen/html/md__r_e_a_d_m_e.html", "HTML", 0, 0, 0, 0, 0, 0, 0, 0, 204, 0, 0, 0, 5, 3, 212
"/home/bradarb/Documents/Liquid-Growth/Doxygen/html/menu.js", "JavaScript", 0, 0, 0, 0, 0, 0, 0, 0, 0, 0, 108, 0, 27, 2, 137
"/home/bradarb/Documents/Liquid-Growth/Doxygen/html/menudata.js", "JavaScript", 0, 0, 0, 0, 0, 0, 0, 0, 0, 0, 165, 0, 24, 1, 190
"/home/bradarb/Documents/Liquid-Growth/Doxygen/html/namespace_catch.html", "HTML", 0, 0, 0, 0, 0, 0, 0, 0, 2076, 0, 0, 0, 5, 153, 2234
"/home/bradarb/Documents/Liquid-Growth/Doxygen/html/namespace_catch_1_1_detail.html", "HTML", 0, 0, 0, 0, 0, 0, 0, 0, 308, 0, 0, 0, 5, 21, 334
"/home/bradarb/Documents/Liquid-Growth/Doxygen/html/namespace_catch_1_1_generators.html", "HTML", 0, 0, 0, 0, 0, 0, 0, 0, 732, 0, 0, 0, 5, 45, 782
"/home/bradarb/Documents/Liquid-Growth/Doxygen/html/namespace_catch_1_1_generators_1_1pf.html", "HTML", 0, 0, 0, 0, 0, 0, 0, 0, 107, 0, 0, 0, 5, 5, 117
"/home/bradarb/Documents/Liquid-Growth/Doxygen/html/namespace_catch_1_1_matchers.html", "HTML", 0, 0, 0, 0, 0, 0, 0, 0, 572, 0, 0, 0, 5, 41, 618
"/home/bradarb/Documents/Liquid-Growth/Doxygen/html/namespace_catch_1_1_matchers_1_1_exception.html", "HTML", 0, 0, 0, 0, 0, 0, 0, 0, 87, 0, 0, 0, 5, 3, 95
"/home/bradarb/Documents/Liquid-Growth/Doxygen/html/namespace_catch_1_1_matchers_1_1_floating.html", "HTML", 0, 0, 0, 0, 0, 0, 0, 0, 91, 0, 0, 0, 5, 3, 99
"/home/bradarb/Documents/Liquid-Growth/Doxygen/html/namespace_catch_1_1_matchers_1_1_generic.html", "HTML", 0, 0, 0, 0, 0, 0, 0, 0, 93, 0, 0, 0, 5, 3, 101
"/home/bradarb/Documents/Liquid-Growth/Doxygen/html/namespace_catch_1_1_matchers_1_1_generic_1_1_detail.html", "HTML", 0, 0, 0, 0, 0, 0, 0, 0, 104, 0, 0, 0, 5, 5, 114
"/home/bradarb/Documents/Liquid-Growth/Doxygen/html/namespace_catch_1_1_matchers_1_1_impl.html", "HTML", 0, 0, 0, 0, 0, 0, 0, 0, 97, 0, 0, 0, 5, 3, 105
"/home/bradarb/Documents/Liquid-Growth/Doxygen/html/namespace_catch_1_1_matchers_1_1_std_string.html", "HTML", 0, 0, 0, 0, 0, 0, 0, 0, 99, 0, 0, 0, 5, 3, 107
"/home/bradarb/Documents/Liquid-Growth/Doxygen/html/namespace_catch_1_1_matchers_1_1_vector.html", "HTML", 0, 0, 0, 0, 0, 0, 0, 0, 95, 0, 0, 0, 5, 3, 103
"/home/bradarb/Documents/Liquid-Growth/Doxygen/html/namespace_catch_1_1detail.html", "HTML", 0, 0, 0, 0, 0, 0, 0, 0, 91, 0, 0, 0, 5, 3, 99
"/home/bradarb/Documents/Liquid-Growth/Doxygen/html/namespace_catch_1_1literals.html", "HTML", 0, 0, 0, 0, 0, 0, 0, 0, 122, 0, 0, 0, 5, 7, 134
"/home/bradarb/Documents/Liquid-Growth/Doxygen/html/namespacemembers.html", "HTML", 0, 0, 0, 0, 0, 0, 0, 0, 199, 0, 0, 0, 5, 34, 238
"/home/bradarb/Documents/Liquid-Growth/Doxygen/html/namespacemembers_enum.html", "HTML", 0, 0, 0, 0, 0, 0, 0, 0, 75, 0, 0, 0, 5, 3, 83
"/home/bradarb/Documents/Liquid-Growth/Doxygen/html/namespacemembers_func.html", "HTML", 0, 0, 0, 0, 0, 0, 0, 0, 190, 0, 0, 0, 5, 34, 229
"/home/bradarb/Documents/Liquid-Growth/Doxygen/html/namespacemembers_type.html", "HTML", 0, 0, 0, 0, 0, 0, 0, 0, 81, 0, 0, 0, 5, 3, 89
"/home/bradarb/Documents/Liquid-Growth/Doxygen/html/namespacemembers_vars.html", "HTML", 0, 0, 0, 0, 0, 0, 0, 0, 75, 0, 0, 0, 5, 3, 83
"/home/bradarb/Documents/Liquid-Growth/Doxygen/html/namespacempl__.html", "HTML", 0, 0, 0, 0, 0, 0, 0, 0, 75, 0, 0, 0, 5, 3, 83
"/home/bradarb/Documents/Liquid-Growth/Doxygen/html/namespaces.html", "HTML", 0, 0, 0, 0, 0, 0, 0, 0, 233, 0, 0, 0, 5, 3, 241
"/home/bradarb/Documents/Liquid-Growth/Doxygen/html/pages.html", "HTML", 0, 0, 0, 0, 0, 0, 0, 0, 80, 0, 0, 0, 5, 3, 88
"/home/bradarb/Documents/Liquid-Growth/Doxygen/html/search/all_0.js", "JavaScript", 0, 0, 0, 0, 0, 0, 0, 0, 0, 0, 4, 0, 0, 1, 5
"/home/bradarb/Documents/Liquid-Growth/Doxygen/html/search/all_1.js", "JavaScript", 0, 0, 0, 0, 0, 0, 0, 0, 0, 0, 33, 0, 0, 1, 34
"/home/bradarb/Documents/Liquid-Growth/Doxygen/html/search/all_10.js", "JavaScript", 0, 0, 0, 0, 0, 0, 0, 0, 0, 0, 43, 0, 0, 1, 44
"/home/bradarb/Documents/Liquid-Growth/Doxygen/html/search/all_11.js", "JavaScript", 0, 0, 0, 0, 0, 0, 0, 0, 0, 0, 101, 0, 0, 1, 102
"/home/bradarb/Documents/Liquid-Growth/Doxygen/html/search/all_12.js", "JavaScript", 0, 0, 0, 0, 0, 0, 0, 0, 0, 0, 49, 0, 0, 1, 50
"/home/bradarb/Documents/Liquid-Growth/Doxygen/html/search/all_13.js", "JavaScript", 0, 0, 0, 0, 0, 0, 0, 0, 0, 0, 13, 0, 0, 1, 14
"/home/bradarb/Documents/Liquid-Growth/Doxygen/html/search/all_14.js", "JavaScript", 0, 0, 0, 0, 0, 0, 0, 0, 0, 0, 14, 0, 0, 1, 15
"/home/bradarb/Documents/Liquid-Growth/Doxygen/html/search/all_15.js", "JavaScript", 0, 0, 0, 0, 0, 0, 0, 0, 0, 0, 20, 0, 0, 1, 21
"/home/bradarb/Documents/Liquid-Growth/Doxygen/html/search/all_16.js", "JavaScript", 0, 0, 0, 0, 0, 0, 0, 0, 0, 0, 5, 0, 0, 1, 6
"/home/bradarb/Documents/Liquid-Growth/Doxygen/html/search/all_17.js", "JavaScript", 0, 0, 0, 0, 0, 0, 0, 0, 0, 0, 31, 0, 0, 1, 32
"/home/bradarb/Documents/Liquid-Growth/Doxygen/html/search/all_2.js", "JavaScript", 0, 0, 0, 0, 0, 0, 0, 0, 0, 0, 14, 0, 0, 1, 15
"/home/bradarb/Documents/Liquid-Growth/Doxygen/html/search/all_3.js", "JavaScript", 0, 0, 0, 0, 0, 0, 0, 0, 0, 0, 132, 0, 0, 1, 133
"/home/bradarb/Documents/Liquid-Growth/Doxygen/html/search/all_4.js", "JavaScript", 0, 0, 0, 0, 0, 0, 0, 0, 0, 0, 16, 0, 0, 1, 17
"/home/bradarb/Documents/Liquid-Growth/Doxygen/html/search/all_5.js", "JavaScript", 0, 0, 0, 0, 0, 0, 0, 0, 0, 0, 24, 0, 0, 1, 25
"/home/bradarb/Documents/Liquid-Growth/Doxygen/html/search/all_6.js", "JavaScript", 0, 0, 0, 0, 0, 0, 0, 0, 0, 0, 20, 0, 0, 1, 21
"/home/bradarb/Documents/Liquid-Growth/Doxygen/html/search/all_7.js", "JavaScript", 0, 0, 0, 0, 0, 0, 0, 0, 0, 0, 56, 0, 0, 1, 57
"/home/bradarb/Documents/Liquid-Growth/Doxygen/html/search/all_8.js", "JavaScript", 0, 0, 0, 0, 0, 0, 0, 0, 0, 0, 20, 0, 0, 1, 21
"/home/bradarb/Documents/Liquid-Growth/Doxygen/html/search/all_9.js", "JavaScript", 0, 0, 0, 0, 0, 0, 0, 0, 0, 0, 151, 0, 0, 1, 152
"/home/bradarb/Documents/Liquid-Growth/Doxygen/html/search/all_a.js", "JavaScript", 0, 0, 0, 0, 0, 0, 0, 0, 0, 0, 12, 0, 0, 1, 13
"/home/bradarb/Documents/Liquid-Growth/Doxygen/html/search/all_b.js", "JavaScript", 0, 0, 0, 0, 0, 0, 0, 0, 0, 0, 68, 0, 0, 1, 69
"/home/bradarb/Documents/Liquid-Growth/Doxygen/html/search/all_c.js", "JavaScript", 0, 0, 0, 0, 0, 0, 0, 0, 0, 0, 18, 0, 0, 1, 19
"/home/bradarb/Documents/Liquid-Growth/Doxygen/html/search/all_d.js", "JavaScript", 0, 0, 0, 0, 0, 0, 0, 0, 0, 0, 34, 0, 0, 1, 35
"/home/bradarb/Documents/Liquid-Growth/Doxygen/html/search/all_e.js", "JavaScript", 0, 0, 0, 0, 0, 0, 0, 0, 0, 0, 15, 0, 0, 1, 16
"/home/bradarb/Documents/Liquid-Growth/Doxygen/html/search/all_f.js", "JavaScript", 0, 0, 0, 0, 0, 0, 0, 0, 0, 0, 4, 0, 0, 1, 5
"/home/bradarb/Documents/Liquid-Growth/Doxygen/html/search/classes_0.js", "JavaScript", 0, 0, 0, 0, 0, 0, 0, 0, 0, 0, 11, 0, 0, 1, 12
"/home/bradarb/Documents/Liquid-Growth/Doxygen/html/search/classes_1.js", "JavaScript", 0, 0, 0, 0, 0, 0, 0, 0, 0, 0, 4, 0, 0, 1, 5
"/home/bradarb/Documents/Liquid-Growth/Doxygen/html/search/classes_10.js", "JavaScript", 0, 0, 0, 0, 0, 0, 0, 0, 0, 0, 6, 0, 0, 1, 7
"/home/bradarb/Documents/Liquid-Growth/Doxygen/html/search/classes_11.js", "JavaScript", 0, 0, 0, 0, 0, 0, 0, 0, 0, 0, 5, 0, 0, 1, 6
"/home/bradarb/Documents/Liquid-Growth/Doxygen/html/search/classes_12.js", "JavaScript", 0, 0, 0, 0, 0, 0, 0, 0, 0, 0, 8, 0, 0, 1, 9
"/home/bradarb/Documents/Liquid-Growth/Doxygen/html/search/classes_2.js", "JavaScript", 0, 0, 0, 0, 0, 0, 0, 0, 0, 0, 12, 0, 0, 1, 13
"/home/bradarb/Documents/Liquid-Growth/Doxygen/html/search/classes_3.js", "JavaScript", 0, 0, 0, 0, 0, 0, 0, 0, 0, 0, 4, 0, 0, 1, 5
"/home/bradarb/Documents/Liquid-Growth/Doxygen/html/search/classes_4.js", "JavaScript", 0, 0, 0, 0, 0, 0, 0, 0, 0, 0, 9, 0, 0, 1, 10
"/home/bradarb/Documents/Liquid-Growth/Doxygen/html/search/classes_5.js", "JavaScript", 0, 0, 0, 0, 0, 0, 0, 0, 0, 0, 5, 0, 0, 1, 6
"/home/bradarb/Documents/Liquid-Growth/Doxygen/html/search/classes_6.js", "JavaScript", 0, 0, 0, 0, 0, 0, 0, 0, 0, 0, 8, 0, 0, 1, 9
"/home/bradarb/Documents/Liquid-Growth/Doxygen/html/search/classes_7.js", "JavaScript", 0, 0, 0, 0, 0, 0, 0, 0, 0, 0, 30, 0, 0, 1, 31
"/home/bradarb/Documents/Liquid-Growth/Doxygen/html/search/classes_8.js", "JavaScript", 0, 0, 0, 0, 0, 0, 0, 0, 0, 0, 4, 0, 0, 1, 5
"/home/bradarb/Documents/Liquid-Growth/Doxygen/html/search/classes_9.js", "JavaScript", 0, 0, 0, 0, 0, 0, 0, 0, 0, 0, 27, 0, 0, 1, 28
"/home/bradarb/Documents/Liquid-Growth/Doxygen/html/search/classes_a.js", "JavaScript", 0, 0, 0, 0, 0, 0, 0, 0, 0, 0, 5, 0, 0, 1, 6
"/home/bradarb/Documents/Liquid-Growth/Doxygen/html/search/classes_b.js", "JavaScript", 0, 0, 0, 0, 0, 0, 0, 0, 0, 0, 4, 0, 0, 1, 5
"/home/bradarb/Documents/Liquid-Growth/Doxygen/html/search/classes_c.js", "JavaScript", 0, 0, 0, 0, 0, 0, 0, 0, 0, 0, 5, 0, 0, 1, 6
"/home/bradarb/Documents/Liquid-Growth/Doxygen/html/search/classes_d.js", "JavaScript", 0, 0, 0, 0, 0, 0, 0, 0, 0, 0, 13, 0, 0, 1, 14
"/home/bradarb/Documents/Liquid-Growth/Doxygen/html/search/classes_e.js", "JavaScript", 0, 0, 0, 0, 0, 0, 0, 0, 0, 0, 44, 0, 0, 1, 45
"/home/bradarb/Documents/Liquid-Growth/Doxygen/html/search/classes_f.js", "JavaScript", 0, 0, 0, 0, 0, 0, 0, 0, 0, 0, 11, 0, 0, 1, 12
"/home/bradarb/Documents/Liquid-Growth/Doxygen/html/search/close.svg", "XML", 0, 0, 0, 0, 0, 0, 0, 0, 0, 0, 0, 31, 0, 1, 32
"/home/bradarb/Documents/Liquid-Growth/Doxygen/html/search/defines_0.js", "JavaScript", 0, 0, 0, 0, 0, 0, 0, 0, 0, 0, 4, 0, 0, 1, 5
"/home/bradarb/Documents/Liquid-Growth/Doxygen/html/search/defines_1.js", "JavaScript", 0, 0, 0, 0, 0, 0, 0, 0, 0, 0, 8, 0, 0, 1, 9
"/home/bradarb/Documents/Liquid-Growth/Doxygen/html/search/defines_2.js", "JavaScript", 0, 0, 0, 0, 0, 0, 0, 0, 0, 0, 76, 0, 0, 1, 77
"/home/bradarb/Documents/Liquid-Growth/Doxygen/html/search/defines_3.js", "JavaScript", 0, 0, 0, 0, 0, 0, 0, 0, 0, 0, 5, 0, 0, 1, 6
"/home/bradarb/Documents/Liquid-Growth/Doxygen/html/search/defines_4.js", "JavaScript", 0, 0, 0, 0, 0, 0, 0, 0, 0, 0, 5, 0, 0, 1, 6
"/home/bradarb/Documents/Liquid-Growth/Doxygen/html/search/defines_5.js", "JavaScript", 0, 0, 0, 0, 0, 0, 0, 0, 0, 0, 7, 0, 0, 1, 8
"/home/bradarb/Documents/Liquid-Growth/Doxygen/html/search/defines_6.js", "JavaScript", 0, 0, 0, 0, 0, 0, 0, 0, 0, 0, 4, 0, 0, 1, 5
"/home/bradarb/Documents/Liquid-Growth/Doxygen/html/search/defines_7.js", "JavaScript", 0, 0, 0, 0, 0, 0, 0, 0, 0, 0, 102, 0, 0, 1, 103
"/home/bradarb/Documents/Liquid-Growth/Doxygen/html/search/defines_8.js", "JavaScript", 0, 0, 0, 0, 0, 0, 0, 0, 0, 0, 4, 0, 0, 1, 5
"/home/bradarb/Documents/Liquid-Growth/Doxygen/html/search/defines_9.js", "JavaScript", 0, 0, 0, 0, 0, 0, 0, 0, 0, 0, 5, 0, 0, 1, 6
"/home/bradarb/Documents/Liquid-Growth/Doxygen/html/search/defines_a.js", "JavaScript", 0, 0, 0, 0, 0, 0, 0, 0, 0, 0, 12, 0, 0, 1, 13
"/home/bradarb/Documents/Liquid-Growth/Doxygen/html/search/defines_b.js", "JavaScript", 0, 0, 0, 0, 0, 0, 0, 0, 0, 0, 11, 0, 0, 1, 12
"/home/bradarb/Documents/Liquid-Growth/Doxygen/html/search/defines_c.js", "JavaScript", 0, 0, 0, 0, 0, 0, 0, 0, 0, 0, 16, 0, 0, 1, 17
"/home/bradarb/Documents/Liquid-Growth/Doxygen/html/search/defines_d.js", "JavaScript", 0, 0, 0, 0, 0, 0, 0, 0, 0, 0, 4, 0, 0, 1, 5
"/home/bradarb/Documents/Liquid-Growth/Doxygen/html/search/defines_e.js", "JavaScript", 0, 0, 0, 0, 0, 0, 0, 0, 0, 0, 5, 0, 0, 1, 6
"/home/bradarb/Documents/Liquid-Growth/Doxygen/html/search/enums_0.js", "JavaScript", 0, 0, 0, 0, 0, 0, 0, 0, 0, 0, 4, 0, 0, 1, 5
"/home/bradarb/Documents/Liquid-Growth/Doxygen/html/search/enums_1.js", "JavaScript", 0, 0, 0, 0, 0, 0, 0, 0, 0, 0, 4, 0, 0, 1, 5
"/home/bradarb/Documents/Liquid-Growth/Doxygen/html/search/enums_2.js", "JavaScript", 0, 0, 0, 0, 0, 0, 0, 0, 0, 0, 4, 0, 0, 1, 5
"/home/bradarb/Documents/Liquid-Growth/Doxygen/html/search/enums_3.js", "JavaScript", 0, 0, 0, 0, 0, 0, 0, 0, 0, 0, 5, 0, 0, 1, 6
"/home/bradarb/Documents/Liquid-Growth/Doxygen/html/search/enums_4.js", "JavaScript", 0, 0, 0, 0, 0, 0, 0, 0, 0, 0, 4, 0, 0, 1, 5
"/home/bradarb/Documents/Liquid-Growth/Doxygen/html/search/enums_5.js", "JavaScript", 0, 0, 0, 0, 0, 0, 0, 0, 0, 0, 4, 0, 0, 1, 5
"/home/bradarb/Documents/Liquid-Growth/Doxygen/html/search/enums_6.js", "JavaScript", 0, 0, 0, 0, 0, 0, 0, 0, 0, 0, 5, 0, 0, 1, 6
"/home/bradarb/Documents/Liquid-Growth/Doxygen/html/search/enums_7.js", "JavaScript", 0, 0, 0, 0, 0, 0, 0, 0, 0, 0, 4, 0, 0, 1, 5
"/home/bradarb/Documents/Liquid-Growth/Doxygen/html/search/enumvalues_0.js", "JavaScript", 0, 0, 0, 0, 0, 0, 0, 0, 0, 0, 5, 0, 0, 1, 6
"/home/bradarb/Documents/Liquid-Growth/Doxygen/html/search/enumvalues_1.js", "JavaScript", 0, 0, 0, 0, 0, 0, 0, 0, 0, 0, 7, 0, 0, 1, 8
"/home/bradarb/Documents/Liquid-Growth/Doxygen/html/search/enumvalues_10.js", "JavaScript", 0, 0, 0, 0, 0, 0, 0, 0, 0, 0, 4, 0, 0, 1, 5
"/home/bradarb/Documents/Liquid-Growth/Doxygen/html/search/enumvalues_2.js", "JavaScript", 0, 0, 0, 0, 0, 0, 0, 0, 0, 0, 4, 0, 0, 1, 5
"/home/bradarb/Documents/Liquid-Growth/Doxygen/html/search/enumvalues_3.js", "JavaScript", 0, 0, 0, 0, 0, 0, 0, 0, 0, 0, 5, 0, 0, 1, 6
"/home/bradarb/Documents/Liquid-Growth/Doxygen/html/search/enumvalues_4.js", "JavaScript", 0, 0, 0, 0, 0, 0, 0, 0, 0, 0, 6, 0, 0, 1, 7
"/home/bradarb/Documents/Liquid-Growth/Doxygen/html/search/enumvalues_5.js", "JavaScript", 0, 0, 0, 0, 0, 0, 0, 0, 0, 0, 6, 0, 0, 1, 7
"/home/bradarb/Documents/Liquid-Growth/Doxygen/html/search/enumvalues_6.js", "JavaScript", 0, 0, 0, 0, 0, 0, 0, 0, 0, 0, 4, 0, 0, 1, 5
"/home/bradarb/Documents/Liquid-Growth/Doxygen/html/search/enumvalues_7.js", "JavaScript", 0, 0, 0, 0, 0, 0, 0, 0, 0, 0, 8, 0, 0, 1, 9
"/home/bradarb/Documents/Liquid-Growth/Doxygen/html/search/enumvalues_8.js", "JavaScript", 0, 0, 0, 0, 0, 0, 0, 0, 0, 0, 4, 0, 0, 1, 5
"/home/bradarb/Documents/Liquid-Growth/Doxygen/html/search/enumvalues_9.js", "JavaScript", 0, 0, 0, 0, 0, 0, 0, 0, 0, 0, 11, 0, 0, 1, 12
"/home/bradarb/Documents/Liquid-Growth/Doxygen/html/search/enumvalues_a.js", "JavaScript", 0, 0, 0, 0, 0, 0, 0, 0, 0, 0, 4, 0, 0, 1, 5
"/home/bradarb/Documents/Liquid-Growth/Doxygen/html/search/enumvalues_b.js", "JavaScript", 0, 0, 0, 0, 0, 0, 0, 0, 0, 0, 4, 0, 0, 1, 5
"/home/bradarb/Documents/Liquid-Growth/Doxygen/html/search/enumvalues_c.js", "JavaScript", 0, 0, 0, 0, 0, 0, 0, 0, 0, 0, 5, 0, 0, 1, 6
"/home/bradarb/Documents/Liquid-Growth/Doxygen/html/search/enumvalues_d.js", "JavaScript", 0, 0, 0, 0, 0, 0, 0, 0, 0, 0, 5, 0, 0, 1, 6
"/home/bradarb/Documents/Liquid-Growth/Doxygen/html/search/enumvalues_e.js", "JavaScript", 0, 0, 0, 0, 0, 0, 0, 0, 0, 0, 4, 0, 0, 1, 5
"/home/bradarb/Documents/Liquid-Growth/Doxygen/html/search/enumvalues_f.js", "JavaScript", 0, 0, 0, 0, 0, 0, 0, 0, 0, 0, 4, 0, 0, 1, 5
"/home/bradarb/Documents/Liquid-Growth/Doxygen/html/search/files_0.js", "JavaScript", 0, 0, 0, 0, 0, 0, 0, 0, 0, 0, 10, 0, 0, 1, 11
"/home/bradarb/Documents/Liquid-Growth/Doxygen/html/search/files_1.js", "JavaScript", 0, 0, 0, 0, 0, 0, 0, 0, 0, 0, 6, 0, 0, 1, 7
"/home/bradarb/Documents/Liquid-Growth/Doxygen/html/search/files_2.js", "JavaScript", 0, 0, 0, 0, 0, 0, 0, 0, 0, 0, 4, 0, 0, 1, 5
"/home/bradarb/Documents/Liquid-Growth/Doxygen/html/search/files_3.js", "JavaScript", 0, 0, 0, 0, 0, 0, 0, 0, 0, 0, 6, 0, 0, 1, 7
"/home/bradarb/Documents/Liquid-Growth/Doxygen/html/search/files_4.js", "JavaScript", 0, 0, 0, 0, 0, 0, 0, 0, 0, 0, 5, 0, 0, 1, 6
"/home/bradarb/Documents/Liquid-Growth/Doxygen/html/search/files_5.js", "JavaScript", 0, 0, 0, 0, 0, 0, 0, 0, 0, 0, 6, 0, 0, 1, 7
"/home/bradarb/Documents/Liquid-Growth/Doxygen/html/search/files_6.js", "JavaScript", 0, 0, 0, 0, 0, 0, 0, 0, 0, 0, 6, 0, 0, 1, 7
"/home/bradarb/Documents/Liquid-Growth/Doxygen/html/search/functions_0.js", "JavaScript", 0, 0, 0, 0, 0, 0, 0, 0, 0, 0, 18, 0, 0, 1, 19
"/home/bradarb/Documents/Liquid-Growth/Doxygen/html/search/functions_1.js", "JavaScript", 0, 0, 0, 0, 0, 0, 0, 0, 0, 0, 10, 0, 0, 1, 11
"/home/bradarb/Documents/Liquid-Growth/Doxygen/html/search/functions_10.js", "JavaScript", 0, 0, 0, 0, 0, 0, 0, 0, 0, 0, 26, 0, 0, 1, 27
"/home/bradarb/Documents/Liquid-Growth/Doxygen/html/search/functions_11.js", "JavaScript", 0, 0, 0, 0, 0, 0, 0, 0, 0, 0, 8, 0, 0, 1, 9
"/home/bradarb/Documents/Liquid-Growth/Doxygen/html/search/functions_12.js", "JavaScript", 0, 0, 0, 0, 0, 0, 0, 0, 0, 0, 9, 0, 0, 1, 10
"/home/bradarb/Documents/Liquid-Growth/Doxygen/html/search/functions_13.js", "JavaScript", 0, 0, 0, 0, 0, 0, 0, 0, 0, 0, 13, 0, 0, 1, 14
"/home/bradarb/Documents/Liquid-Growth/Doxygen/html/search/functions_14.js", "JavaScript", 0, 0, 0, 0, 0, 0, 0, 0, 0, 0, 31, 0, 0, 1, 32
"/home/bradarb/Documents/Liquid-Growth/Doxygen/html/search/functions_2.js", "JavaScript", 0, 0, 0, 0, 0, 0, 0, 0, 0, 0, 29, 0, 0, 1, 30
"/home/bradarb/Documents/Liquid-Growth/Doxygen/html/search/functions_3.js", "JavaScript", 0, 0, 0, 0, 0, 0, 0, 0, 0, 0, 9, 0, 0, 1, 10
"/home/bradarb/Documents/Liquid-Growth/Doxygen/html/search/functions_4.js", "JavaScript", 0, 0, 0, 0, 0, 0, 0, 0, 0, 0, 17, 0, 0, 1, 18
"/home/bradarb/Documents/Liquid-Growth/Doxygen/html/search/functions_5.js", "JavaScript", 0, 0, 0, 0, 0, 0, 0, 0, 0, 0, 10, 0, 0, 1, 11
"/home/bradarb/Documents/Liquid-Growth/Doxygen/html/search/functions_6.js", "JavaScript", 0, 0, 0, 0, 0, 0, 0, 0, 0, 0, 50, 0, 0, 1, 51
"/home/bradarb/Documents/Liquid-Growth/Doxygen/html/search/functions_7.js", "JavaScript", 0, 0, 0, 0, 0, 0, 0, 0, 0, 0, 17, 0, 0, 1, 18
"/home/bradarb/Documents/Liquid-Growth/Doxygen/html/search/functions_8.js", "JavaScript", 0, 0, 0, 0, 0, 0, 0, 0, 0, 0, 14, 0, 0, 1, 15
"/home/bradarb/Documents/Liquid-Growth/Doxygen/html/search/functions_9.js", "JavaScript", 0, 0, 0, 0, 0, 0, 0, 0, 0, 0, 7, 0, 0, 1, 8
"/home/bradarb/Documents/Liquid-Growth/Doxygen/html/search/functions_a.js", "JavaScript", 0, 0, 0, 0, 0, 0, 0, 0, 0, 0, 26, 0, 0, 1, 27
"/home/bradarb/Documents/Liquid-Growth/Doxygen/html/search/functions_b.js", "JavaScript", 0, 0, 0, 0, 0, 0, 0, 0, 0, 0, 9, 0, 0, 1, 10
"/home/bradarb/Documents/Liquid-Growth/Doxygen/html/search/functions_c.js", "JavaScript", 0, 0, 0, 0, 0, 0, 0, 0, 0, 0, 31, 0, 0, 1, 32
"/home/bradarb/Documents/Liquid-Growth/Doxygen/html/search/functions_d.js", "JavaScript", 0, 0, 0, 0, 0, 0, 0, 0, 0, 0, 9, 0, 0, 1, 10
"/home/bradarb/Documents/Liquid-Growth/Doxygen/html/search/functions_e.js", "JavaScript", 0, 0, 0, 0, 0, 0, 0, 0, 0, 0, 27, 0, 0, 1, 28
"/home/bradarb/Documents/Liquid-Growth/Doxygen/html/search/functions_f.js", "JavaScript", 0, 0, 0, 0, 0, 0, 0, 0, 0, 0, 47, 0, 0, 1, 48
"/home/bradarb/Documents/Liquid-Growth/Doxygen/html/search/mag.svg", "XML", 0, 0, 0, 0, 0, 0, 0, 0, 0, 0, 0, 37, 0, 1, 38
"/home/bradarb/Documents/Liquid-Growth/Doxygen/html/search/mag_d.svg", "XML", 0, 0, 0, 0, 0, 0, 0, 0, 0, 0, 0, 37, 0, 1, 38
"/home/bradarb/Documents/Liquid-Growth/Doxygen/html/search/mag_sel.svg", "XML", 0, 0, 0, 0, 0, 0, 0, 0, 0, 0, 0, 72, 1, 2, 75
"/home/bradarb/Documents/Liquid-Growth/Doxygen/html/search/mag_seld.svg", "XML", 0, 0, 0, 0, 0, 0, 0, 0, 0, 0, 0, 72, 1, 2, 75
"/home/bradarb/Documents/Liquid-Growth/Doxygen/html/search/namespaces_0.js", "JavaScript", 0, 0, 0, 0, 0, 0, 0, 0, 0, 0, 17, 0, 0, 1, 18
"/home/bradarb/Documents/Liquid-Growth/Doxygen/html/search/namespaces_1.js", "JavaScript", 0, 0, 0, 0, 0, 0, 0, 0, 0, 0, 4, 0, 0, 1, 5
"/home/bradarb/Documents/Liquid-Growth/Doxygen/html/search/pages_0.js", "JavaScript", 0, 0, 0, 0, 0, 0, 0, 0, 0, 0, 4, 0, 0, 1, 5
"/home/bradarb/Documents/Liquid-Growth/Doxygen/html/search/pages_1.js", "JavaScript", 0, 0, 0, 0, 0, 0, 0, 0, 0, 0, 4, 0, 0, 1, 5
"/home/bradarb/Documents/Liquid-Growth/Doxygen/html/search/related_0.js", "JavaScript", 0, 0, 0, 0, 0, 0, 0, 0, 0, 0, 5, 0, 0, 1, 6
"/home/bradarb/Documents/Liquid-Growth/Doxygen/html/search/related_1.js", "JavaScript", 0, 0, 0, 0, 0, 0, 0, 0, 0, 0, 4, 0, 0, 1, 5
"/home/bradarb/Documents/Liquid-Growth/Doxygen/html/search/related_2.js", "JavaScript", 0, 0, 0, 0, 0, 0, 0, 0, 0, 0, 4, 0, 0, 1, 5
"/home/bradarb/Documents/Liquid-Growth/Doxygen/html/search/related_3.js", "JavaScript", 0, 0, 0, 0, 0, 0, 0, 0, 0, 0, 8, 0, 0, 1, 9
"/home/bradarb/Documents/Liquid-Growth/Doxygen/html/search/related_4.js", "JavaScript", 0, 0, 0, 0, 0, 0, 0, 0, 0, 0, 4, 0, 0, 1, 5
"/home/bradarb/Documents/Liquid-Growth/Doxygen/html/search/related_5.js", "JavaScript", 0, 0, 0, 0, 0, 0, 0, 0, 0, 0, 4, 0, 0, 1, 5
"/home/bradarb/Documents/Liquid-Growth/Doxygen/html/search/search.css", "CSS", 0, 0, 0, 0, 0, 0, 0, 0, 0, 232, 0, 0, 9, 51, 292
"/home/bradarb/Documents/Liquid-Growth/Doxygen/html/search/search.js", "JavaScript", 0, 0, 0, 0, 0, 0, 0, 0, 0, 0, 688, 0, 60, 69, 817
"/home/bradarb/Documents/Liquid-Growth/Doxygen/html/search/searchdata.js", "JavaScript", 0, 0, 0, 0, 0, 0, 0, 0, 0, 0, 45, 0, 0, 4, 49
"/home/bradarb/Documents/Liquid-Growth/Doxygen/html/search/typedefs_0.js", "JavaScript", 0, 0, 0, 0, 0, 0, 0, 0, 0, 0, 4, 0, 0, 1, 5
"/home/bradarb/Documents/Liquid-Growth/Doxygen/html/search/typedefs_1.js", "JavaScript", 0, 0, 0, 0, 0, 0, 0, 0, 0, 0, 5, 0, 0, 1, 6
"/home/bradarb/Documents/Liquid-Growth/Doxygen/html/search/typedefs_2.js", "JavaScript", 0, 0, 0, 0, 0, 0, 0, 0, 0, 0, 4, 0, 0, 1, 5
"/home/bradarb/Documents/Liquid-Growth/Doxygen/html/search/typedefs_3.js", "JavaScript", 0, 0, 0, 0, 0, 0, 0, 0, 0, 0, 4, 0, 0, 1, 5
"/home/bradarb/Documents/Liquid-Growth/Doxygen/html/search/typedefs_4.js", "JavaScript", 0, 0, 0, 0, 0, 0, 0, 0, 0, 0, 5, 0, 0, 1, 6
"/home/bradarb/Documents/Liquid-Growth/Doxygen/html/search/typedefs_5.js", "JavaScript", 0, 0, 0, 0, 0, 0, 0, 0, 0, 0, 4, 0, 0, 1, 5
"/home/bradarb/Documents/Liquid-Growth/Doxygen/html/search/typedefs_6.js", "JavaScript", 0, 0, 0, 0, 0, 0, 0, 0, 0, 0, 5, 0, 0, 1, 6
"/home/bradarb/Documents/Liquid-Growth/Doxygen/html/search/typedefs_7.js", "JavaScript", 0, 0, 0, 0, 0, 0, 0, 0, 0, 0, 4, 0, 0, 1, 5
"/home/bradarb/Documents/Liquid-Growth/Doxygen/html/search/variables_0.js", "JavaScript", 0, 0, 0, 0, 0, 0, 0, 0, 0, 0, 5, 0, 0, 1, 6
"/home/bradarb/Documents/Liquid-Growth/Doxygen/html/search/variables_1.js", "JavaScript", 0, 0, 0, 0, 0, 0, 0, 0, 0, 0, 5, 0, 0, 1, 6
"/home/bradarb/Documents/Liquid-Growth/Doxygen/html/search/variables_2.js", "JavaScript", 0, 0, 0, 0, 0, 0, 0, 0, 0, 0, 5, 0, 0, 1, 6
"/home/bradarb/Documents/Liquid-Growth/Doxygen/html/search/variables_3.js", "JavaScript", 0, 0, 0, 0, 0, 0, 0, 0, 0, 0, 4, 0, 0, 1, 5
"/home/bradarb/Documents/Liquid-Growth/Doxygen/html/search/variables_4.js", "JavaScript", 0, 0, 0, 0, 0, 0, 0, 0, 0, 0, 6, 0, 0, 1, 7
"/home/bradarb/Documents/Liquid-Growth/Doxygen/html/search/variables_5.js", "JavaScript", 0, 0, 0, 0, 0, 0, 0, 0, 0, 0, 8, 0, 0, 1, 9
"/home/bradarb/Documents/Liquid-Growth/Doxygen/html/search/variables_6.js", "JavaScript", 0, 0, 0, 0, 0, 0, 0, 0, 0, 0, 7, 0, 0, 1, 8
"/home/bradarb/Documents/Liquid-Growth/Doxygen/html/search/variables_7.js", "JavaScript", 0, 0, 0, 0, 0, 0, 0, 0, 0, 0, 21, 0, 0, 1, 22
"/home/bradarb/Documents/Liquid-Growth/Doxygen/html/search/variables_8.js", "JavaScript", 0, 0, 0, 0, 0, 0, 0, 0, 0, 0, 5, 0, 0, 1, 6
"/home/bradarb/Documents/Liquid-Growth/Doxygen/html/search/variables_9.js", "JavaScript", 0, 0, 0, 0, 0, 0, 0, 0, 0, 0, 7, 0, 0, 1, 8
"/home/bradarb/Documents/Liquid-Growth/Doxygen/html/search/variables_a.js", "JavaScript", 0, 0, 0, 0, 0, 0, 0, 0, 0, 0, 4, 0, 0, 1, 5
"/home/bradarb/Documents/Liquid-Growth/Doxygen/html/search/variables_b.js", "JavaScript", 0, 0, 0, 0, 0, 0, 0, 0, 0, 0, 8, 0, 0, 1, 9
"/home/bradarb/Documents/Liquid-Growth/Doxygen/html/search/variables_c.js", "JavaScript", 0, 0, 0, 0, 0, 0, 0, 0, 0, 0, 6, 0, 0, 1, 7
"/home/bradarb/Documents/Liquid-Growth/Doxygen/html/search/variables_d.js", "JavaScript", 0, 0, 0, 0, 0, 0, 0, 0, 0, 0, 5, 0, 0, 1, 6
"/home/bradarb/Documents/Liquid-Growth/Doxygen/html/search/variables_e.js", "JavaScript", 0, 0, 0, 0, 0, 0, 0, 0, 0, 0, 4, 0, 0, 1, 5
"/home/bradarb/Documents/Liquid-Growth/Doxygen/html/shiny_8cc.html", "HTML", 0, 0, 0, 0, 0, 0, 0, 0, 81, 0, 0, 0, 5, 3, 89
"/home/bradarb/Documents/Liquid-Growth/Doxygen/html/shiny_8cc_8o_8d.html", "HTML", 0, 0, 0, 0, 0, 0, 0, 0, 79, 0, 0, 0, 5, 3, 87
"/home/bradarb/Documents/Liquid-Growth/Doxygen/html/shiny_8hpp.html", "HTML", 0, 0, 0, 0, 0, 0, 0, 0, 92, 0, 0, 0, 5, 3, 100
"/home/bradarb/Documents/Liquid-Growth/Doxygen/html/shiny_8hpp_source.html", "HTML", 0, 0, 0, 0, 0, 0, 0, 0, 104, 0, 0, 0, 5, 3, 112
"/home/bradarb/Documents/Liquid-Growth/Doxygen/html/struct_catch_1_1_assertion_info-members.html", "HTML", 0, 0, 0, 0, 0, 0, 0, 0, 85, 0, 0, 0, 5, 4, 94
"/home/bradarb/Documents/Liquid-Growth/Doxygen/html/struct_catch_1_1_assertion_info.html", "HTML", 0, 0, 0, 0, 0, 0, 0, 0, 147, 0, 0, 0, 5, 12, 164
"/home/bradarb/Documents/Liquid-Growth/Doxygen/html/struct_catch_1_1_assertion_reaction-members.html", "HTML", 0, 0, 0, 0, 0, 0, 0, 0, 83, 0, 0, 0, 5, 4, 92
"/home/bradarb/Documents/Liquid-Growth/Doxygen/html/struct_catch_1_1_assertion_reaction.html", "HTML", 0, 0, 0, 0, 0, 0, 0, 0, 119, 0, 0, 0, 5, 8, 132
"/home/bradarb/Documents/Liquid-Growth/Doxygen/html/struct_catch_1_1_auto_reg-members.html", "HTML", 0, 0, 0, 0, 0, 0, 0, 0, 85, 0, 0, 0, 5, 4, 94
"/home/bradarb/Documents/Liquid-Growth/Doxygen/html/struct_catch_1_1_auto_reg.html", "HTML", 0, 0, 0, 0, 0, 0, 0, 0, 173, 0, 0, 0, 5, 8, 186
"/home/bradarb/Documents/Liquid-Growth/Doxygen/html/struct_catch_1_1_case_sensitive-members.html", "HTML", 0, 0, 0, 0, 0, 0, 0, 0, 84, 0, 0, 0, 5, 4, 93
"/home/bradarb/Documents/Liquid-Growth/Doxygen/html/struct_catch_1_1_case_sensitive.html", "HTML", 0, 0, 0, 0, 0, 0, 0, 0, 111, 0, 0, 0, 5, 6, 122
"/home/bradarb/Documents/Liquid-Growth/Doxygen/html/struct_catch_1_1_counts-members.html", "HTML", 0, 0, 0, 0, 0, 0, 0, 0, 89, 0, 0, 0, 5, 4, 98
"/home/bradarb/Documents/Liquid-Growth/Doxygen/html/struct_catch_1_1_counts.html", "HTML", 0, 0, 0, 0, 0, 0, 0, 0, 225, 0, 0, 0, 5, 20, 250
"/home/bradarb/Documents/Liquid-Growth/Doxygen/html/struct_catch_1_1_decomposer-members.html", "HTML", 0, 0, 0, 0, 0, 0, 0, 0, 83, 0, 0, 0, 5, 4, 92
"/home/bradarb/Documents/Liquid-Growth/Doxygen/html/struct_catch_1_1_decomposer.html", "HTML", 0, 0, 0, 0, 0, 0, 0, 0, 146, 0, 0, 0, 5, 8, 159
"/home/bradarb/Documents/Liquid-Growth/Doxygen/html/struct_catch_1_1_detail_1_1_enum_info-members.html", "HTML", 0, 0, 0, 0, 0, 0, 0, 0, 85, 0, 0, 0, 5, 4, 94
"/home/bradarb/Documents/Liquid-Growth/Doxygen/html/struct_catch_1_1_detail_1_1_enum_info.html", "HTML", 0, 0, 0, 0, 0, 0, 0, 0, 160, 0, 0, 0, 5, 12, 177
"/home/bradarb/Documents/Liquid-Growth/Doxygen/html/struct_catch_1_1_generators_1_1_i_generator-members.html", "HTML", 0, 0, 0, 0, 0, 0, 0, 0, 87, 0, 0, 0, 5, 4, 96
"/home/bradarb/Documents/Liquid-Growth/Doxygen/html/struct_catch_1_1_generators_1_1_i_generator.html", "HTML", 0, 0, 0, 0, 0, 0, 0, 0, 193, 0, 0, 0, 5, 11, 209
"/home/bradarb/Documents/Liquid-Growth/Doxygen/html/struct_catch_1_1_generators_1_1as.html", "HTML", 0, 0, 0, 0, 0, 0, 0, 0, 83, 0, 0, 0, 5, 4, 92
"/home/bradarb/Documents/Liquid-Growth/Doxygen/html/struct_catch_1_1_i_config-members.html", "HTML", 0, 0, 0, 0, 0, 0, 0, 0, 108, 0, 0, 0, 5, 4, 117
"/home/bradarb/Documents/Liquid-Growth/Doxygen/html/struct_catch_1_1_i_config.html", "HTML", 0, 0, 0, 0, 0, 0, 0, 0, 734, 0, 0, 0, 5, 54, 793
"/home/bradarb/Documents/Liquid-Growth/Doxygen/html/struct_catch_1_1_i_context-members.html", "HTML", 0, 0, 0, 0, 0, 0, 0, 0, 85, 0, 0, 0, 5, 4, 94
"/home/bradarb/Documents/Liquid-Growth/Doxygen/html/struct_catch_1_1_i_context.html", "HTML", 0, 0, 0, 0, 0, 0, 0, 0, 201, 0, 0, 0, 5, 12, 218
"/home/bradarb/Documents/Liquid-Growth/Doxygen/html/struct_catch_1_1_i_exception_translator-members.html", "HTML", 0, 0, 0, 0, 0, 0, 0, 0, 83, 0, 0, 0, 5, 4, 92
"/home/bradarb/Documents/Liquid-Growth/Doxygen/html/struct_catch_1_1_i_exception_translator.html", "HTML", 0, 0, 0, 0, 0, 0, 0, 0, 153, 0, 0, 0, 5, 8, 166
"/home/bradarb/Documents/Liquid-Growth/Doxygen/html/struct_catch_1_1_i_exception_translator_registry-members.html", "HTML", 0, 0, 0, 0, 0, 0, 0, 0, 83, 0, 0, 0, 5, 4, 92
"/home/bradarb/Documents/Liquid-Growth/Doxygen/html/struct_catch_1_1_i_exception_translator_registry.html", "HTML", 0, 0, 0, 0, 0, 0, 0, 0, 142, 0, 0, 0, 5, 8, 155
"/home/bradarb/Documents/Liquid-Growth/Doxygen/html/struct_catch_1_1_i_generator_tracker-members.html", "HTML", 0, 0, 0, 0, 0, 0, 0, 0, 85, 0, 0, 0, 5, 4, 94
"/home/bradarb/Documents/Liquid-Growth/Doxygen/html/struct_catch_1_1_i_generator_tracker.html", "HTML", 0, 0, 0, 0, 0, 0, 0, 0, 193, 0, 0, 0, 5, 12, 210
"/home/bradarb/Documents/Liquid-Growth/Doxygen/html/struct_catch_1_1_i_mutable_context-members.html", "HTML", 0, 0, 0, 0, 0, 0, 0, 0, 91, 0, 0, 0, 5, 4, 100
"/home/bradarb/Documents/Liquid-Growth/Doxygen/html/struct_catch_1_1_i_mutable_context.html", "HTML", 0, 0, 0, 0, 0, 0, 0, 0, 268, 0, 0, 0, 5, 16, 289
"/home/bradarb/Documents/Liquid-Growth/Doxygen/html/struct_catch_1_1_i_mutable_enum_values_registry-members.html", "HTML", 0, 0, 0, 0, 0, 0, 0, 0, 84, 0, 0, 0, 5, 4, 93
"/home/bradarb/Documents/Liquid-Growth/Doxygen/html/struct_catch_1_1_i_mutable_enum_values_registry.html", "HTML", 0, 0, 0, 0, 0, 0, 0, 0, 204, 0, 0, 0, 5, 10, 219
"/home/bradarb/Documents/Liquid-Growth/Doxygen/html/struct_catch_1_1_i_mutable_registry_hub-members.html", "HTML", 0, 0, 0, 0, 0, 0, 0, 0, 89, 0, 0, 0, 5, 4, 98
"/home/bradarb/Documents/Liquid-Growth/Doxygen/html/struct_catch_1_1_i_mutable_registry_hub.html", "HTML", 0, 0, 0, 0, 0, 0, 0, 0, 323, 0, 0, 0, 5, 20, 348
"/home/bradarb/Documents/Liquid-Growth/Doxygen/html/struct_catch_1_1_i_registry_hub-members.html", "HTML", 0, 0, 0, 0, 0, 0, 0, 0, 87, 0, 0, 0, 5, 4, 96
"/home/bradarb/Documents/Liquid-Growth/Doxygen/html/struct_catch_1_1_i_registry_hub.html", "HTML", 0, 0, 0, 0, 0, 0, 0, 0, 242, 0, 0, 0, 5, 16, 263
"/home/bradarb/Documents/Liquid-Growth/Doxygen/html/struct_catch_1_1_i_result_capture-members.html", "HTML", 0, 0, 0, 0, 0, 0, 0, 0, 101, 0, 0, 0, 5, 4, 110
"/home/bradarb/Documents/Liquid-Growth/Doxygen/html/struct_catch_1_1_i_result_capture.html", "HTML", 0, 0, 0, 0, 0, 0, 0, 0, 706, 0, 0, 0, 5, 44, 755
"/home/bradarb/Documents/Liquid-Growth/Doxygen/html/struct_catch_1_1_i_runner-members.html", "HTML", 0, 0, 0, 0, 0, 0, 0, 0, 83, 0, 0, 0, 5, 4, 92
"/home/bradarb/Documents/Liquid-Growth/Doxygen/html/struct_catch_1_1_i_runner.html", "HTML", 0, 0, 0, 0, 0, 0, 0, 0, 142, 0, 0, 0, 5, 8, 155
"/home/bradarb/Documents/Liquid-Growth/Doxygen/html/struct_catch_1_1_i_stream-members.html", "HTML", 0, 0, 0, 0, 0, 0, 0, 0, 83, 0, 0, 0, 5, 4, 92
"/home/bradarb/Documents/Liquid-Growth/Doxygen/html/struct_catch_1_1_i_stream.html", "HTML", 0, 0, 0, 0, 0, 0, 0, 0, 142, 0, 0, 0, 5, 8, 155
"/home/bradarb/Documents/Liquid-Growth/Doxygen/html/struct_catch_1_1_i_test_case_registry-members.html", "HTML", 0, 0, 0, 0, 0, 0, 0, 0, 84, 0, 0, 0, 5, 4, 93
"/home/bradarb/Documents/Liquid-Growth/Doxygen/html/struct_catch_1_1_i_test_case_registry.html", "HTML", 0, 0, 0, 0, 0, 0, 0, 0, 168, 0, 0, 0, 5, 10, 183
"/home/bradarb/Documents/Liquid-Growth/Doxygen/html/struct_catch_1_1_i_test_invoker-members.html", "HTML", 0, 0, 0, 0, 0, 0, 0, 0, 83, 0, 0, 0, 5, 4, 92
"/home/bradarb/Documents/Liquid-Growth/Doxygen/html/struct_catch_1_1_i_test_invoker.html", "HTML", 0, 0, 0, 0, 0, 0, 0, 0, 152, 0, 0, 0, 5, 9, 166
"/home/bradarb/Documents/Liquid-Growth/Doxygen/html/struct_catch_1_1_i_transient_expression-members.html", "HTML", 0, 0, 0, 0, 0, 0, 0, 0, 88, 0, 0, 0, 5, 4, 97
"/home/bradarb/Documents/Liquid-Growth/Doxygen/html/struct_catch_1_1_i_transient_expression.html", "HTML", 0, 0, 0, 0, 0, 0, 0, 0, 274, 0, 0, 0, 5, 19, 298
"/home/bradarb/Documents/Liquid-Growth/Doxygen/html/struct_catch_1_1_matchers_1_1_floating_1_1_within_abs_matcher-members.html", "HTML", 0, 0, 0, 0, 0, 0, 0, 0, 94, 0, 0, 0, 5, 4, 103
"/home/bradarb/Documents/Liquid-Growth/Doxygen/html/struct_catch_1_1_matchers_1_1_floating_1_1_within_abs_matcher.html", "HTML", 0, 0, 0, 0, 0, 0, 0, 0, 213, 0, 0, 0, 5, 11, 229
"/home/bradarb/Documents/Liquid-Growth/Doxygen/html/struct_catch_1_1_matchers_1_1_floating_1_1_within_rel_matcher-members.html", "HTML", 0, 0, 0, 0, 0, 0, 0, 0, 94, 0, 0, 0, 5, 4, 103
"/home/bradarb/Documents/Liquid-Growth/Doxygen/html/struct_catch_1_1_matchers_1_1_floating_1_1_within_rel_matcher.html", "HTML", 0, 0, 0, 0, 0, 0, 0, 0, 213, 0, 0, 0, 5, 11, 229
"/home/bradarb/Documents/Liquid-Growth/Doxygen/html/struct_catch_1_1_matchers_1_1_floating_1_1_within_ulps_matcher-members.html", "HTML", 0, 0, 0, 0, 0, 0, 0, 0, 94, 0, 0, 0, 5, 4, 103
"/home/bradarb/Documents/Liquid-Growth/Doxygen/html/struct_catch_1_1_matchers_1_1_floating_1_1_within_ulps_matcher.html", "HTML", 0, 0, 0, 0, 0, 0, 0, 0, 219, 0, 0, 0, 5, 11, 235
"/home/bradarb/Documents/Liquid-Growth/Doxygen/html/struct_catch_1_1_matchers_1_1_impl_1_1_match_all_of-members.html", "HTML", 0, 0, 0, 0, 0, 0, 0, 0, 95, 0, 0, 0, 5, 4, 104
"/home/bradarb/Documents/Liquid-Growth/Doxygen/html/struct_catch_1_1_matchers_1_1_impl_1_1_match_all_of.html", "HTML", 0, 0, 0, 0, 0, 0, 0, 0, 237, 0, 0, 0, 5, 13, 255
"/home/bradarb/Documents/Liquid-Growth/Doxygen/html/struct_catch_1_1_matchers_1_1_impl_1_1_match_any_of-members.html", "HTML", 0, 0, 0, 0, 0, 0, 0, 0, 95, 0, 0, 0, 5, 4, 104
"/home/bradarb/Documents/Liquid-Growth/Doxygen/html/struct_catch_1_1_matchers_1_1_impl_1_1_match_any_of.html", "HTML", 0, 0, 0, 0, 0, 0, 0, 0, 237, 0, 0, 0, 5, 13, 255
"/home/bradarb/Documents/Liquid-Growth/Doxygen/html/struct_catch_1_1_matchers_1_1_impl_1_1_match_not_of-members.html", "HTML", 0, 0, 0, 0, 0, 0, 0, 0, 95, 0, 0, 0, 5, 4, 104
"/home/bradarb/Documents/Liquid-Growth/Doxygen/html/struct_catch_1_1_matchers_1_1_impl_1_1_match_not_of.html", "HTML", 0, 0, 0, 0, 0, 0, 0, 0, 238, 0, 0, 0, 5, 13, 256
"/home/bradarb/Documents/Liquid-Growth/Doxygen/html/struct_catch_1_1_matchers_1_1_impl_1_1_matcher_base-members.html", "HTML", 0, 0, 0, 0, 0, 0, 0, 0, 92, 0, 0, 0, 5, 4, 101
"/home/bradarb/Documents/Liquid-Growth/Doxygen/html/struct_catch_1_1_matchers_1_1_impl_1_1_matcher_base.html", "HTML", 0, 0, 0, 0, 0, 0, 0, 0, 192, 0, 0, 0, 5, 10, 207
"/home/bradarb/Documents/Liquid-Growth/Doxygen/html/struct_catch_1_1_matchers_1_1_impl_1_1_matcher_method-members.html", "HTML", 0, 0, 0, 0, 0, 0, 0, 0, 82, 0, 0, 0, 5, 4, 91
"/home/bradarb/Documents/Liquid-Growth/Doxygen/html/struct_catch_1_1_matchers_1_1_impl_1_1_matcher_method.html", "HTML", 0, 0, 0, 0, 0, 0, 0, 0, 137, 0, 0, 0, 5, 7, 149
"/home/bradarb/Documents/Liquid-Growth/Doxygen/html/struct_catch_1_1_matchers_1_1_std_string_1_1_cased_string-members.html", "HTML", 0, 0, 0, 0, 0, 0, 0, 0, 86, 0, 0, 0, 5, 4, 95
"/home/bradarb/Documents/Liquid-Growth/Doxygen/html/struct_catch_1_1_matchers_1_1_std_string_1_1_cased_string.html", "HTML", 0, 0, 0, 0, 0, 0, 0, 0, 188, 0, 0, 0, 5, 14, 207
"/home/bradarb/Documents/Liquid-Growth/Doxygen/html/struct_catch_1_1_matchers_1_1_std_string_1_1_contains_matcher-members.html", "HTML", 0, 0, 0, 0, 0, 0, 0, 0, 97, 0, 0, 0, 5, 4, 106
"/home/bradarb/Documents/Liquid-Growth/Doxygen/html/struct_catch_1_1_matchers_1_1_std_string_1_1_contains_matcher.html", "HTML", 0, 0, 0, 0, 0, 0, 0, 0, 188, 0, 0, 0, 5, 8, 201
"/home/bradarb/Documents/Liquid-Growth/Doxygen/html/struct_catch_1_1_matchers_1_1_std_string_1_1_ends_with_matcher-members.html", "HTML", 0, 0, 0, 0, 0, 0, 0, 0, 97, 0, 0, 0, 5, 4, 106
"/home/bradarb/Documents/Liquid-Growth/Doxygen/html/struct_catch_1_1_matchers_1_1_std_string_1_1_ends_with_matcher.html", "HTML", 0, 0, 0, 0, 0, 0, 0, 0, 188, 0, 0, 0, 5, 8, 201
"/home/bradarb/Documents/Liquid-Growth/Doxygen/html/struct_catch_1_1_matchers_1_1_std_string_1_1_equals_matcher-members.html", "HTML", 0, 0, 0, 0, 0, 0, 0, 0, 97, 0, 0, 0, 5, 4, 106
"/home/bradarb/Documents/Liquid-Growth/Doxygen/html/struct_catch_1_1_matchers_1_1_std_string_1_1_equals_matcher.html", "HTML", 0, 0, 0, 0, 0, 0, 0, 0, 188, 0, 0, 0, 5, 8, 201
"/home/bradarb/Documents/Liquid-Growth/Doxygen/html/struct_catch_1_1_matchers_1_1_std_string_1_1_regex_matcher-members.html", "HTML", 0, 0, 0, 0, 0, 0, 0, 0, 94, 0, 0, 0, 5, 4, 103
"/home/bradarb/Documents/Liquid-Growth/Doxygen/html/struct_catch_1_1_matchers_1_1_std_string_1_1_regex_matcher.html", "HTML", 0, 0, 0, 0, 0, 0, 0, 0, 213, 0, 0, 0, 5, 11, 229
"/home/bradarb/Documents/Liquid-Growth/Doxygen/html/struct_catch_1_1_matchers_1_1_std_string_1_1_starts_with_matcher-members.html", "HTML", 0, 0, 0, 0, 0, 0, 0, 0, 97, 0, 0, 0, 5, 4, 106
"/home/bradarb/Documents/Liquid-Growth/Doxygen/html/struct_catch_1_1_matchers_1_1_std_string_1_1_starts_with_matcher.html", "HTML", 0, 0, 0, 0, 0, 0, 0, 0, 188, 0, 0, 0, 5, 8, 201
"/home/bradarb/Documents/Liquid-Growth/Doxygen/html/struct_catch_1_1_matchers_1_1_std_string_1_1_string_matcher_base-members.html", "HTML", 0, 0, 0, 0, 0, 0, 0, 0, 95, 0, 0, 0, 5, 4, 104
"/home/bradarb/Documents/Liquid-Growth/Doxygen/html/struct_catch_1_1_matchers_1_1_std_string_1_1_string_matcher_base.html", "HTML", 0, 0, 0, 0, 0, 0, 0, 0, 224, 0, 0, 0, 5, 13, 242
"/home/bradarb/Documents/Liquid-Growth/Doxygen/html/struct_catch_1_1_matchers_1_1_vector_1_1_approx_matcher-members.html", "HTML", 0, 0, 0, 0, 0, 0, 0, 0, 99, 0, 0, 0, 5, 4, 108
"/home/bradarb/Documents/Liquid-Growth/Doxygen/html/struct_catch_1_1_matchers_1_1_vector_1_1_approx_matcher.html", "HTML", 0, 0, 0, 0, 0, 0, 0, 0, 355, 0, 0, 0, 5, 21, 381
"/home/bradarb/Documents/Liquid-Growth/Doxygen/html/struct_catch_1_1_matchers_1_1_vector_1_1_contains_element_matcher-members.html", "HTML", 0, 0, 0, 0, 0, 0, 0, 0, 95, 0, 0, 0, 5, 4, 104
"/home/bradarb/Documents/Liquid-Growth/Doxygen/html/struct_catch_1_1_matchers_1_1_vector_1_1_contains_element_matcher.html", "HTML", 0, 0, 0, 0, 0, 0, 0, 0, 238, 0, 0, 0, 5, 13, 256
"/home/bradarb/Documents/Liquid-Growth/Doxygen/html/struct_catch_1_1_matchers_1_1_vector_1_1_contains_matcher-members.html", "HTML", 0, 0, 0, 0, 0, 0, 0, 0, 95, 0, 0, 0, 5, 4, 104
"/home/bradarb/Documents/Liquid-Growth/Doxygen/html/struct_catch_1_1_matchers_1_1_vector_1_1_contains_matcher.html", "HTML", 0, 0, 0, 0, 0, 0, 0, 0, 238, 0, 0, 0, 5, 13, 256
"/home/bradarb/Documents/Liquid-Growth/Doxygen/html/struct_catch_1_1_matchers_1_1_vector_1_1_equals_matcher-members.html", "HTML", 0, 0, 0, 0, 0, 0, 0, 0, 95, 0, 0, 0, 5, 4, 104
"/home/bradarb/Documents/Liquid-Growth/Doxygen/html/struct_catch_1_1_matchers_1_1_vector_1_1_equals_matcher.html", "HTML", 0, 0, 0, 0, 0, 0, 0, 0, 238, 0, 0, 0, 5, 13, 256
"/home/bradarb/Documents/Liquid-Growth/Doxygen/html/struct_catch_1_1_matchers_1_1_vector_1_1_unordered_equals_matcher-members.html", "HTML", 0, 0, 0, 0, 0, 0, 0, 0, 94, 0, 0, 0, 5, 4, 103
"/home/bradarb/Documents/Liquid-Growth/Doxygen/html/struct_catch_1_1_matchers_1_1_vector_1_1_unordered_equals_matcher.html", "HTML", 0, 0, 0, 0, 0, 0, 0, 0, 217, 0, 0, 0, 5, 11, 233
"/home/bradarb/Documents/Liquid-Growth/Doxygen/html/struct_catch_1_1_message_builder-members.html", "HTML", 0, 0, 0, 0, 0, 0, 0, 0, 85, 0, 0, 0, 5, 4, 94
"/home/bradarb/Documents/Liquid-Growth/Doxygen/html/struct_catch_1_1_message_builder.html", "HTML", 0, 0, 0, 0, 0, 0, 0, 0, 190, 0, 0, 0, 5, 10, 205
"/home/bradarb/Documents/Liquid-Growth/Doxygen/html/struct_catch_1_1_message_info-members.html", "HTML", 0, 0, 0, 0, 0, 0, 0, 0, 89, 0, 0, 0, 5, 4, 98
"/home/bradarb/Documents/Liquid-Growth/Doxygen/html/struct_catch_1_1_message_info.html", "HTML", 0, 0, 0, 0, 0, 0, 0, 0, 237, 0, 0, 0, 5, 20, 262
"/home/bradarb/Documents/Liquid-Growth/Doxygen/html/struct_catch_1_1_message_stream-members.html", "HTML", 0, 0, 0, 0, 0, 0, 0, 0, 83, 0, 0, 0, 5, 4, 92
"/home/bradarb/Documents/Liquid-Growth/Doxygen/html/struct_catch_1_1_message_stream.html", "HTML", 0, 0, 0, 0, 0, 0, 0, 0, 148, 0, 0, 0, 5, 8, 161
"/home/bradarb/Documents/Liquid-Growth/Doxygen/html/struct_catch_1_1_name_and_tags-members.html", "HTML", 0, 0, 0, 0, 0, 0, 0, 0, 84, 0, 0, 0, 5, 4, 93
"/home/bradarb/Documents/Liquid-Growth/Doxygen/html/struct_catch_1_1_name_and_tags.html", "HTML", 0, 0, 0, 0, 0, 0, 0, 0, 160, 0, 0, 0, 5, 10, 175
"/home/bradarb/Documents/Liquid-Growth/Doxygen/html/struct_catch_1_1_registrar_for_tag_aliases-members.html", "HTML", 0, 0, 0, 0, 0, 0, 0, 0, 82, 0, 0, 0, 5, 4, 91
"/home/bradarb/Documents/Liquid-Growth/Doxygen/html/struct_catch_1_1_registrar_for_tag_aliases.html", "HTML", 0, 0, 0, 0, 0, 0, 0, 0, 125, 0, 0, 0, 5, 6, 136
"/home/bradarb/Documents/Liquid-Growth/Doxygen/html/struct_catch_1_1_result_disposition-members.html", "HTML", 0, 0, 0, 0, 0, 0, 0, 0, 86, 0, 0, 0, 5, 4, 95
"/home/bradarb/Documents/Liquid-Growth/Doxygen/html/struct_catch_1_1_result_disposition.html", "HTML", 0, 0, 0, 0, 0, 0, 0, 0, 115, 0, 0, 0, 5, 6, 126
"/home/bradarb/Documents/Liquid-Growth/Doxygen/html/struct_catch_1_1_result_was-members.html", "HTML", 0, 0, 0, 0, 0, 0, 0, 0, 93, 0, 0, 0, 5, 4, 102
"/home/bradarb/Documents/Liquid-Growth/Doxygen/html/struct_catch_1_1_result_was.html", "HTML", 0, 0, 0, 0, 0, 0, 0, 0, 133, 0, 0, 0, 5, 6, 144
"/home/bradarb/Documents/Liquid-Growth/Doxygen/html/struct_catch_1_1_run_tests-members.html", "HTML", 0, 0, 0, 0, 0, 0, 0, 0, 85, 0, 0, 0, 5, 4, 94
"/home/bradarb/Documents/Liquid-Growth/Doxygen/html/struct_catch_1_1_run_tests.html", "HTML", 0, 0, 0, 0, 0, 0, 0, 0, 113, 0, 0, 0, 5, 6, 124
"/home/bradarb/Documents/Liquid-Growth/Doxygen/html/struct_catch_1_1_section_end_info-members.html", "HTML", 0, 0, 0, 0, 0, 0, 0, 0, 84, 0, 0, 0, 5, 4, 93
"/home/bradarb/Documents/Liquid-Growth/Doxygen/html/struct_catch_1_1_section_end_info.html", "HTML", 0, 0, 0, 0, 0, 0, 0, 0, 133, 0, 0, 0, 5, 10, 148
"/home/bradarb/Documents/Liquid-Growth/Doxygen/html/struct_catch_1_1_section_info-members.html", "HTML", 0, 0, 0, 0, 0, 0, 0, 0, 86, 0, 0, 0, 5, 4, 95
"/home/bradarb/Documents/Liquid-Growth/Doxygen/html/struct_catch_1_1_section_info.html", "HTML", 0, 0, 0, 0, 0, 0, 0, 0, 208, 0, 0, 0, 5, 14, 227
"/home/bradarb/Documents/Liquid-Growth/Doxygen/html/struct_catch_1_1_show_durations-members.html", "HTML", 0, 0, 0, 0, 0, 0, 0, 0, 85, 0, 0, 0, 5, 4, 94
"/home/bradarb/Documents/Liquid-Growth/Doxygen/html/struct_catch_1_1_show_durations.html", "HTML", 0, 0, 0, 0, 0, 0, 0, 0, 113, 0, 0, 0, 5, 6, 124
"/home/bradarb/Documents/Liquid-Growth/Doxygen/html/struct_catch_1_1_source_line_info-members.html", "HTML", 0, 0, 0, 0, 0, 0, 0, 0, 92, 0, 0, 0, 5, 4, 101
"/home/bradarb/Documents/Liquid-Growth/Doxygen/html/struct_catch_1_1_source_line_info.html", "HTML", 0, 0, 0, 0, 0, 0, 0, 0, 367, 0, 0, 0, 5, 26, 398
"/home/bradarb/Documents/Liquid-Growth/Doxygen/html/struct_catch_1_1_stream_end_stop-members.html", "HTML", 0, 0, 0, 0, 0, 0, 0, 0, 82, 0, 0, 0, 5, 4, 91
"/home/bradarb/Documents/Liquid-Growth/Doxygen/html/struct_catch_1_1_stream_end_stop.html", "HTML", 0, 0, 0, 0, 0, 0, 0, 0, 108, 0, 0, 0, 5, 6, 119
"/home/bradarb/Documents/Liquid-Growth/Doxygen/html/struct_catch_1_1_string_maker-members.html", "HTML", 0, 0, 0, 0, 0, 0, 0, 0, 83, 0, 0, 0, 5, 4, 92
"/home/bradarb/Documents/Liquid-Growth/Doxygen/html/struct_catch_1_1_string_maker.html", "HTML", 0, 0, 0, 0, 0, 0, 0, 0, 153, 0, 0, 0, 5, 8, 166
"/home/bradarb/Documents/Liquid-Growth/Doxygen/html/struct_catch_1_1_string_maker_3_01_catch_1_1_detail_1_1_approx_01_4-members.html", "HTML", 0, 0, 0, 0, 0, 0, 0, 0, 82, 0, 0, 0, 5, 4, 91
"/home/bradarb/Documents/Liquid-Growth/Doxygen/html/struct_catch_1_1_string_maker_3_01_catch_1_1_detail_1_1_approx_01_4.html", "HTML", 0, 0, 0, 0, 0, 0, 0, 0, 117, 0, 0, 0, 5, 6, 128
"/home/bradarb/Documents/Liquid-Growth/Doxygen/html/struct_catch_1_1_string_maker_3_01_r_00_01typename_01std_1_1enable__if_3_01is__range_3_01_r_01_4536d8fedfff6d62432b3dc59b56e1380.html", "HTML", 0, 0, 0, 0, 0, 0, 0, 0, 119, 0, 0, 0, 5, 6, 130
"/home/bradarb/Documents/Liquid-Growth/Doxygen/html/struct_catch_1_1_string_maker_3_01_r_00_01typename_01std_1_1enable__if_3_01is__range_3_01_r_01_4b2659549e0e87f27cdabec6f94fde16d.html", "HTML", 0, 0, 0, 0, 0, 0, 0, 0, 82, 0, 0, 0, 5, 4, 91
"/home/bradarb/Documents/Liquid-Growth/Doxygen/html/struct_catch_1_1_string_maker_3_01_r_01_c_1_1_5_01_4-members.html", "HTML", 0, 0, 0, 0, 0, 0, 0, 0, 82, 0, 0, 0, 5, 4, 91
"/home/bradarb/Documents/Liquid-Growth/Doxygen/html/struct_catch_1_1_string_maker_3_01_r_01_c_1_1_5_01_4.html", "HTML", 0, 0, 0, 0, 0, 0, 0, 0, 119, 0, 0, 0, 5, 6, 130
"/home/bradarb/Documents/Liquid-Growth/Doxygen/html/struct_catch_1_1_string_maker_3_01_t_01_5_01_4-members.html", "HTML", 0, 0, 0, 0, 0, 0, 0, 0, 82, 0, 0, 0, 5, 4, 91
"/home/bradarb/Documents/Liquid-Growth/Doxygen/html/struct_catch_1_1_string_maker_3_01_t_01_5_01_4.html", "HTML", 0, 0, 0, 0, 0, 0, 0, 0, 122, 0, 0, 0, 5, 6, 133
"/home/bradarb/Documents/Liquid-Growth/Doxygen/html/struct_catch_1_1_string_maker_3_01_t_0f_s_z_0e_4-members.html", "HTML", 0, 0, 0, 0, 0, 0, 0, 0, 82, 0, 0, 0, 5, 4, 91
"/home/bradarb/Documents/Liquid-Growth/Doxygen/html/struct_catch_1_1_string_maker_3_01_t_0f_s_z_0e_4.html", "HTML", 0, 0, 0, 0, 0, 0, 0, 0, 119, 0, 0, 0, 5, 6, 130
"/home/bradarb/Documents/Liquid-Growth/Doxygen/html/struct_catch_1_1_string_maker_3_01bool_01_4-members.html", "HTML", 0, 0, 0, 0, 0, 0, 0, 0, 82, 0, 0, 0, 5, 4, 91
"/home/bradarb/Documents/Liquid-Growth/Doxygen/html/struct_catch_1_1_string_maker_3_01bool_01_4.html", "HTML", 0, 0, 0, 0, 0, 0, 0, 0, 117, 0, 0, 0, 5, 6, 128
"/home/bradarb/Documents/Liquid-Growth/Doxygen/html/struct_catch_1_1_string_maker_3_01char_01_4-members.html", "HTML", 0, 0, 0, 0, 0, 0, 0, 0, 82, 0, 0, 0, 5, 4, 91
"/home/bradarb/Documents/Liquid-Growth/Doxygen/html/struct_catch_1_1_string_maker_3_01char_01_4.html", "HTML", 0, 0, 0, 0, 0, 0, 0, 0, 117, 0, 0, 0, 5, 6, 128
"/home/bradarb/Documents/Liquid-Growth/Doxygen/html/struct_catch_1_1_string_maker_3_01char_01_5_01_4-members.html", "HTML", 0, 0, 0, 0, 0, 0, 0, 0, 82, 0, 0, 0, 5, 4, 91
"/home/bradarb/Documents/Liquid-Growth/Doxygen/html/struct_catch_1_1_string_maker_3_01char_01_5_01_4.html", "HTML", 0, 0, 0, 0, 0, 0, 0, 0, 117, 0, 0, 0, 5, 6, 128
"/home/bradarb/Documents/Liquid-Growth/Doxygen/html/struct_catch_1_1_string_maker_3_01char_01const_01_5_01_4-members.html", "HTML", 0, 0, 0, 0, 0, 0, 0, 0, 82, 0, 0, 0, 5, 4, 91
"/home/bradarb/Documents/Liquid-Growth/Doxygen/html/struct_catch_1_1_string_maker_3_01char_01const_01_5_01_4.html", "HTML", 0, 0, 0, 0, 0, 0, 0, 0, 117, 0, 0, 0, 5, 6, 128
"/home/bradarb/Documents/Liquid-Growth/Doxygen/html/struct_catch_1_1_string_maker_3_01char_0f_s_z_0e_4-members.html", "HTML", 0, 0, 0, 0, 0, 0, 0, 0, 82, 0, 0, 0, 5, 4, 91
"/home/bradarb/Documents/Liquid-Growth/Doxygen/html/struct_catch_1_1_string_maker_3_01char_0f_s_z_0e_4.html", "HTML", 0, 0, 0, 0, 0, 0, 0, 0, 119, 0, 0, 0, 5, 6, 130
"/home/bradarb/Documents/Liquid-Growth/Doxygen/html/struct_catch_1_1_string_maker_3_01double_01_4-members.html", "HTML", 0, 0, 0, 0, 0, 0, 0, 0, 83, 0, 0, 0, 5, 4, 92
"/home/bradarb/Documents/Liquid-Growth/Doxygen/html/struct_catch_1_1_string_maker_3_01double_01_4.html", "HTML", 0, 0, 0, 0, 0, 0, 0, 0, 144, 0, 0, 0, 5, 8, 157
"/home/bradarb/Documents/Liquid-Growth/Doxygen/html/struct_catch_1_1_string_maker_3_01float_01_4-members.html", "HTML", 0, 0, 0, 0, 0, 0, 0, 0, 83, 0, 0, 0, 5, 4, 92
"/home/bradarb/Documents/Liquid-Growth/Doxygen/html/struct_catch_1_1_string_maker_3_01float_01_4.html", "HTML", 0, 0, 0, 0, 0, 0, 0, 0, 144, 0, 0, 0, 5, 8, 157
"/home/bradarb/Documents/Liquid-Growth/Doxygen/html/struct_catch_1_1_string_maker_3_01int_01_4-members.html", "HTML", 0, 0, 0, 0, 0, 0, 0, 0, 82, 0, 0, 0, 5, 4, 91
"/home/bradarb/Documents/Liquid-Growth/Doxygen/html/struct_catch_1_1_string_maker_3_01int_01_4.html", "HTML", 0, 0, 0, 0, 0, 0, 0, 0, 117, 0, 0, 0, 5, 6, 128
"/home/bradarb/Documents/Liquid-Growth/Doxygen/html/struct_catch_1_1_string_maker_3_01long_01_4-members.html", "HTML", 0, 0, 0, 0, 0, 0, 0, 0, 82, 0, 0, 0, 5, 4, 91
"/home/bradarb/Documents/Liquid-Growth/Doxygen/html/struct_catch_1_1_string_maker_3_01long_01_4.html", "HTML", 0, 0, 0, 0, 0, 0, 0, 0, 117, 0, 0, 0, 5, 6, 128
"/home/bradarb/Documents/Liquid-Growth/Doxygen/html/struct_catch_1_1_string_maker_3_01long_01long_01_4-members.html", "HTML", 0, 0, 0, 0, 0, 0, 0, 0, 82, 0, 0, 0, 5, 4, 91
"/home/bradarb/Documents/Liquid-Growth/Doxygen/html/struct_catch_1_1_string_maker_3_01long_01long_01_4.html", "HTML", 0, 0, 0, 0, 0, 0, 0, 0, 117, 0, 0, 0, 5, 6, 128
"/home/bradarb/Documents/Liquid-Growth/Doxygen/html/struct_catch_1_1_string_maker_3_01signed_01char_01_4-members.html", "HTML", 0, 0, 0, 0, 0, 0, 0, 0, 82, 0, 0, 0, 5, 4, 91
"/home/bradarb/Documents/Liquid-Growth/Doxygen/html/struct_catch_1_1_string_maker_3_01signed_01char_01_4.html", "HTML", 0, 0, 0, 0, 0, 0, 0, 0, 117, 0, 0, 0, 5, 6, 128
"/home/bradarb/Documents/Liquid-Growth/Doxygen/html/struct_catch_1_1_string_maker_3_01signed_01char_0f_s_z_0e_4-members.html", "HTML", 0, 0, 0, 0, 0, 0, 0, 0, 82, 0, 0, 0, 5, 4, 91
"/home/bradarb/Documents/Liquid-Growth/Doxygen/html/struct_catch_1_1_string_maker_3_01signed_01char_0f_s_z_0e_4.html", "HTML", 0, 0, 0, 0, 0, 0, 0, 0, 119, 0, 0, 0, 5, 6, 130
"/home/bradarb/Documents/Liquid-Growth/Doxygen/html/struct_catch_1_1_string_maker_3_01std_1_1nullptr__t_01_4-members.html", "HTML", 0, 0, 0, 0, 0, 0, 0, 0, 82, 0, 0, 0, 5, 4, 91
"/home/bradarb/Documents/Liquid-Growth/Doxygen/html/struct_catch_1_1_string_maker_3_01std_1_1nullptr__t_01_4.html", "HTML", 0, 0, 0, 0, 0, 0, 0, 0, 117, 0, 0, 0, 5, 6, 128
"/home/bradarb/Documents/Liquid-Growth/Doxygen/html/struct_catch_1_1_string_maker_3_01std_1_1string_01_4-members.html", "HTML", 0, 0, 0, 0, 0, 0, 0, 0, 82, 0, 0, 0, 5, 4, 91
"/home/bradarb/Documents/Liquid-Growth/Doxygen/html/struct_catch_1_1_string_maker_3_01std_1_1string_01_4.html", "HTML", 0, 0, 0, 0, 0, 0, 0, 0, 117, 0, 0, 0, 5, 6, 128
"/home/bradarb/Documents/Liquid-Growth/Doxygen/html/struct_catch_1_1_string_maker_3_01std_1_1wstring_01_4-members.html", "HTML", 0, 0, 0, 0, 0, 0, 0, 0, 82, 0, 0, 0, 5, 4, 91
"/home/bradarb/Documents/Liquid-Growth/Doxygen/html/struct_catch_1_1_string_maker_3_01std_1_1wstring_01_4.html", "HTML", 0, 0, 0, 0, 0, 0, 0, 0, 117, 0, 0, 0, 5, 6, 128
"/home/bradarb/Documents/Liquid-Growth/Doxygen/html/struct_catch_1_1_string_maker_3_01unsigned_01char_01_4-members.html", "HTML", 0, 0, 0, 0, 0, 0, 0, 0, 82, 0, 0, 0, 5, 4, 91
"/home/bradarb/Documents/Liquid-Growth/Doxygen/html/struct_catch_1_1_string_maker_3_01unsigned_01char_01_4.html", "HTML", 0, 0, 0, 0, 0, 0, 0, 0, 117, 0, 0, 0, 5, 6, 128
"/home/bradarb/Documents/Liquid-Growth/Doxygen/html/struct_catch_1_1_string_maker_3_01unsigned_01char_0f_s_z_0e_4-members.html", "HTML", 0, 0, 0, 0, 0, 0, 0, 0, 82, 0, 0, 0, 5, 4, 91
"/home/bradarb/Documents/Liquid-Growth/Doxygen/html/struct_catch_1_1_string_maker_3_01unsigned_01char_0f_s_z_0e_4.html", "HTML", 0, 0, 0, 0, 0, 0, 0, 0, 119, 0, 0, 0, 5, 6, 130
"/home/bradarb/Documents/Liquid-Growth/Doxygen/html/struct_catch_1_1_string_maker_3_01unsigned_01int_01_4-members.html", "HTML", 0, 0, 0, 0, 0, 0, 0, 0, 82, 0, 0, 0, 5, 4, 91
"/home/bradarb/Documents/Liquid-Growth/Doxygen/html/struct_catch_1_1_string_maker_3_01unsigned_01int_01_4.html", "HTML", 0, 0, 0, 0, 0, 0, 0, 0, 117, 0, 0, 0, 5, 6, 128
"/home/bradarb/Documents/Liquid-Growth/Doxygen/html/struct_catch_1_1_string_maker_3_01unsigned_01long_01_4-members.html", "HTML", 0, 0, 0, 0, 0, 0, 0, 0, 82, 0, 0, 0, 5, 4, 91
"/home/bradarb/Documents/Liquid-Growth/Doxygen/html/struct_catch_1_1_string_maker_3_01unsigned_01long_01_4.html", "HTML", 0, 0, 0, 0, 0, 0, 0, 0, 117, 0, 0, 0, 5, 6, 128
"/home/bradarb/Documents/Liquid-Growth/Doxygen/html/struct_catch_1_1_string_maker_3_01unsigned_01long_01long_01_4-members.html", "HTML", 0, 0, 0, 0, 0, 0, 0, 0, 82, 0, 0, 0, 5, 4, 91
"/home/bradarb/Documents/Liquid-Growth/Doxygen/html/struct_catch_1_1_string_maker_3_01unsigned_01long_01long_01_4.html", "HTML", 0, 0, 0, 0, 0, 0, 0, 0, 117, 0, 0, 0, 5, 6, 128
"/home/bradarb/Documents/Liquid-Growth/Doxygen/html/struct_catch_1_1_string_maker_3_01wchar__t_01_5_01_4-members.html", "HTML", 0, 0, 0, 0, 0, 0, 0, 0, 82, 0, 0, 0, 5, 4, 91
"/home/bradarb/Documents/Liquid-Growth/Doxygen/html/struct_catch_1_1_string_maker_3_01wchar__t_01_5_01_4.html", "HTML", 0, 0, 0, 0, 0, 0, 0, 0, 117, 0, 0, 0, 5, 6, 128
"/home/bradarb/Documents/Liquid-Growth/Doxygen/html/struct_catch_1_1_string_maker_3_01wchar__t_01const_01_5_01_4-members.html", "HTML", 0, 0, 0, 0, 0, 0, 0, 0, 82, 0, 0, 0, 5, 4, 91
"/home/bradarb/Documents/Liquid-Growth/Doxygen/html/struct_catch_1_1_string_maker_3_01wchar__t_01const_01_5_01_4.html", "HTML", 0, 0, 0, 0, 0, 0, 0, 0, 117, 0, 0, 0, 5, 6, 128
"/home/bradarb/Documents/Liquid-Growth/Doxygen/html/struct_catch_1_1_test_case_info-members.html", "HTML", 0, 0, 0, 0, 0, 0, 0, 0, 103, 0, 0, 0, 5, 4, 112
"/home/bradarb/Documents/Liquid-Growth/Doxygen/html/struct_catch_1_1_test_case_info.html", "HTML", 0, 0, 0, 0, 0, 0, 0, 0, 414, 0, 0, 0, 5, 34, 453
"/home/bradarb/Documents/Liquid-Growth/Doxygen/html/struct_catch_1_1_test_failure_exception.html", "HTML", 0, 0, 0, 0, 0, 0, 0, 0, 83, 0, 0, 0, 5, 4, 92
"/home/bradarb/Documents/Liquid-Growth/Doxygen/html/struct_catch_1_1_totals-members.html", "HTML", 0, 0, 0, 0, 0, 0, 0, 0, 87, 0, 0, 0, 5, 4, 96
"/home/bradarb/Documents/Liquid-Growth/Doxygen/html/struct_catch_1_1_totals.html", "HTML", 0, 0, 0, 0, 0, 0, 0, 0, 192, 0, 0, 0, 5, 16, 213
"/home/bradarb/Documents/Liquid-Growth/Doxygen/html/struct_catch_1_1_use_colour-members.html", "HTML", 0, 0, 0, 0, 0, 0, 0, 0, 85, 0, 0, 0, 5, 4, 94
"/home/bradarb/Documents/Liquid-Growth/Doxygen/html/struct_catch_1_1_use_colour.html", "HTML", 0, 0, 0, 0, 0, 0, 0, 0, 113, 0, 0, 0, 5, 6, 124
"/home/bradarb/Documents/Liquid-Growth/Doxygen/html/struct_catch_1_1_wait_for_keypress-members.html", "HTML", 0, 0, 0, 0, 0, 0, 0, 0, 86, 0, 0, 0, 5, 4, 95
"/home/bradarb/Documents/Liquid-Growth/Doxygen/html/struct_catch_1_1_wait_for_keypress.html", "HTML", 0, 0, 0, 0, 0, 0, 0, 0, 115, 0, 0, 0, 5, 6, 126
"/home/bradarb/Documents/Liquid-Growth/Doxygen/html/struct_catch_1_1_warn_about-members.html", "HTML", 0, 0, 0, 0, 0, 0, 0, 0, 85, 0, 0, 0, 5, 4, 94
"/home/bradarb/Documents/Liquid-Growth/Doxygen/html/struct_catch_1_1_warn_about.html", "HTML", 0, 0, 0, 0, 0, 0, 0, 0, 113, 0, 0, 0, 5, 6, 124
"/home/bradarb/Documents/Liquid-Growth/Doxygen/html/struct_catch_1_1always__false.html", "HTML", 0, 0, 0, 0, 0, 0, 0, 0, 89, 0, 0, 0, 5, 4, 98
"/home/bradarb/Documents/Liquid-Growth/Doxygen/html/struct_catch_1_1detail_1_1is__range__impl.html", "HTML", 0, 0, 0, 0, 0, 0, 0, 0, 92, 0, 0, 0, 5, 4, 101
"/home/bradarb/Documents/Liquid-Growth/Doxygen/html/struct_catch_1_1detail_1_1is__range__impl_3_01_t_00_01typename_01void__type_3_01decltype_07begin8604ecb9de16ea7789f2f694ac896ffd.html", "HTML", 0, 0, 0, 0, 0, 0, 0, 0, 89, 0, 0, 0, 5, 4, 98
"/home/bradarb/Documents/Liquid-Growth/Doxygen/html/struct_catch_1_1detail_1_1void__type-members.html", "HTML", 0, 0, 0, 0, 0, 0, 0, 0, 82, 0, 0, 0, 5, 4, 91
"/home/bradarb/Documents/Liquid-Growth/Doxygen/html/struct_catch_1_1detail_1_1void__type.html", "HTML", 0, 0, 0, 0, 0, 0, 0, 0, 107, 0, 0, 0, 5, 6, 118
"/home/bradarb/Documents/Liquid-Growth/Doxygen/html/struct_catch_1_1is__callable.html", "HTML", 0, 0, 0, 0, 0, 0, 0, 0, 82, 0, 0, 0, 5, 3, 90
"/home/bradarb/Documents/Liquid-Growth/Doxygen/html/struct_catch_1_1is__callable_3_01_fun_07_args_8_8_8_08_4.html", "HTML", 0, 0, 0, 0, 0, 0, 0, 0, 89, 0, 0, 0, 5, 4, 98
"/home/bradarb/Documents/Liquid-Growth/Doxygen/html/struct_catch_1_1is__callable__tester-members.html", "HTML", 0, 0, 0, 0, 0, 0, 0, 0, 83, 0, 0, 0, 5, 4, 92
"/home/bradarb/Documents/Liquid-Growth/Doxygen/html/struct_catch_1_1is__callable__tester.html", "HTML", 0, 0, 0, 0, 0, 0, 0, 0, 149, 0, 0, 0, 5, 8, 162
"/home/bradarb/Documents/Liquid-Growth/Doxygen/html/struct_catch_1_1is__range.html", "HTML", 0, 0, 0, 0, 0, 0, 0, 0, 92, 0, 0, 0, 5, 4, 101
"/home/bradarb/Documents/Liquid-Growth/Doxygen/html/struct_catch_1_1pluralise-members.html", "HTML", 0, 0, 0, 0, 0, 0, 0, 0, 85, 0, 0, 0, 5, 4, 94
"/home/bradarb/Documents/Liquid-Growth/Doxygen/html/struct_catch_1_1pluralise.html", "HTML", 0, 0, 0, 0, 0, 0, 0, 0, 193, 0, 0, 0, 5, 12, 210
"/home/bradarb/Documents/Liquid-Growth/Doxygen/html/struct_catch_1_1true__given.html", "HTML", 0, 0, 0, 0, 0, 0, 0, 0, 89, 0, 0, 0, 5, 4, 98
"/home/bradarb/Documents/Liquid-Growth/Doxygen/html/struct_catch__global__namespace__dummy.html", "HTML", 0, 0, 0, 0, 0, 0, 0, 0, 79, 0, 0, 0, 5, 4, 88
"/home/bradarb/Documents/Liquid-Growth/Doxygen/html/tabs.css", "CSS", 0, 0, 0, 0, 0, 0, 0, 0, 0, 1, 0, 0, 0, 0, 1
"/home/bradarb/Documents/Liquid-Growth/Doxygen/html/tests_8cc.html", "HTML", 0, 0, 0, 0, 0, 0, 0, 0, 200, 0, 0, 0, 5, 15, 220
"/home/bradarb/Documents/Liquid-Growth/Doxygen/html/tests_8cc_8o_8d.html", "HTML", 0, 0, 0, 0, 0, 0, 0, 0, 79, 0, 0, 0, 5, 3, 87
"/home/bradarb/Documents/Liquid-Growth/Doxygen/html/vase_8cc.html", "HTML", 0, 0, 0, 0, 0, 0, 0, 0, 83, 0, 0, 0, 5, 3, 91
"/home/bradarb/Documents/Liquid-Growth/Doxygen/html/vase_8cc_8o_8d.html", "HTML", 0, 0, 0, 0, 0, 0, 0, 0, 79, 0, 0, 0, 5, 3, 87
"/home/bradarb/Documents/Liquid-Growth/Doxygen/html/vase_8hpp.html", "HTML", 0, 0, 0, 0, 0, 0, 0, 0, 95, 0, 0, 0, 5, 3, 103
"/home/bradarb/Documents/Liquid-Growth/Doxygen/html/vase_8hpp_source.html", "HTML", 0, 0, 0, 0, 0, 0, 0, 0, 181, 0, 0, 0, 5, 3, 189
"/home/bradarb/Documents/Liquid-Growth/README.md", "Markdown", 0, 102, 0, 0, 0, 0, 0, 0, 0, 0, 0, 0, 0, 24, 126
"/home/bradarb/Documents/Liquid-Growth/build/CMakeCache.txt", "CMakeCache", 0, 0, 0, 0, 302, 0, 0, 0, 0, 0, 0, 0, 0, 66, 368
"/home/bradarb/Documents/Liquid-Growth/build/CMakeFiles/3.25.0-rc1/CMakeCXXCompiler.cmake", "CMake", 63, 0, 0, 0, 0, 0, 0, 0, 0, 0, 0, 0, 1, 20, 84
"/home/bradarb/Documents/Liquid-Growth/build/CMakeFiles/3.25.0-rc1/CMakeSystem.cmake", "CMake", 10, 0, 0, 0, 0, 0, 0, 0, 0, 0, 0, 0, 0, 6, 16
"/home/bradarb/Documents/Liquid-Growth/build/CMakeFiles/3.25.0-rc1/CompilerIdCXX/CMakeCXXCompilerId.cpp", "C++", 0, 0, 650, 0, 0, 0, 0, 0, 0, 0, 0, 0, 63, 145, 858
"/home/bradarb/Documents/Liquid-Growth/build/CMakeFiles/CMakeDirectoryInformation.cmake", "CMake", 7, 0, 0, 0, 0, 0, 0, 0, 0, 0, 0, 0, 5, 5, 17
"/home/bradarb/Documents/Liquid-Growth/build/CMakeFiles/CMakeOutput.log", "Log", 0, 0, 0, 0, 0, 0, 0, 213, 0, 0, 0, 0, 0, 16, 229
"/home/bradarb/Documents/Liquid-Growth/build/CMakeFiles/Makefile.cmake", "CMake", 36, 0, 0, 0, 0, 0, 0, 0, 0, 0, 0, 0, 7, 6, 49
"/home/bradarb/Documents/Liquid-Growth/build/CMakeFiles/lib_liquid_growth.dir/DependInfo.cmake", "CMake", 11, 0, 0, 0, 0, 0, 0, 0, 0, 0, 0, 0, 5, 6, 22
"/home/bradarb/Documents/Liquid-Growth/build/CMakeFiles/lib_liquid_growth.dir/cmake_clean.cmake", "CMake", 13, 0, 0, 0, 0, 0, 0, 0, 0, 0, 0, 0, 1, 2, 16
"/home/bradarb/Documents/Liquid-Growth/build/CMakeFiles/lib_liquid_growth.dir/cmake_clean_target.cmake", "CMake", 3, 0, 0, 0, 0, 0, 0, 0, 0, 0, 0, 0, 0, 1, 4
"/home/bradarb/Documents/Liquid-Growth/build/CMakeFiles/lib_liquid_growth.dir/compiler_depend.ts", "TypeScript", 0, 0, 0, 0, 0, 0, 2, 0, 0, 0, 0, 0, 0, 1, 3
"/home/bradarb/Documents/Liquid-Growth/build/CMakeFiles/liquid_growth.dir/DependInfo.cmake", "CMake", 11, 0, 0, 0, 0, 0, 0, 0, 0, 0, 0, 0, 5, 6, 22
"/home/bradarb/Documents/Liquid-Growth/build/CMakeFiles/liquid_growth.dir/cmake_clean.cmake", "CMake", 9, 0, 0, 0, 0, 0, 0, 0, 0, 0, 0, 0, 1, 2, 12
"/home/bradarb/Documents/Liquid-Growth/build/CMakeFiles/liquid_growth.dir/compiler_depend.ts", "TypeScript", 0, 0, 0, 0, 0, 0, 2, 0, 0, 0, 0, 0, 0, 1, 3
"/home/bradarb/Documents/Liquid-Growth/build/CMakeFiles/test_liquid_growth.dir/DependInfo.cmake", "CMake", 10, 0, 0, 0, 0, 0, 0, 0, 0, 0, 0, 0, 5, 6, 21
"/home/bradarb/Documents/Liquid-Growth/build/CMakeFiles/test_liquid_growth.dir/cmake_clean.cmake", "CMake", 11, 0, 0, 0, 0, 0, 0, 0, 0, 0, 0, 0, 1, 2, 14
"/home/bradarb/Documents/Liquid-Growth/build/CMakeFiles/test_liquid_growth.dir/cmake_clean_target.cmake", "CMake", 3, 0, 0, 0, 0, 0, 0, 0, 0, 0, 0, 0, 0, 1, 4
"/home/bradarb/Documents/Liquid-Growth/build/CMakeFiles/test_liquid_growth.dir/compiler_depend.ts", "TypeScript", 0, 0, 0, 0, 0, 0, 2, 0, 0, 0, 0, 0, 0, 1, 3
"/home/bradarb/Documents/Liquid-Growth/build/Makefile", "Makefile", 0, 0, 0, 191, 0, 0, 0, 0, 0, 0, 0, 0, 71, 83, 345
"/home/bradarb/Documents/Liquid-Growth/build/cmake_install.cmake", "CMake", 39, 0, 0, 0, 0, 0, 0, 0, 0, 0, 0, 0, 7, 9, 55
"/home/bradarb/Documents/Liquid-Growth/cmake/FindFilesystem.cmake", "CMake", 157, 0, 0, 0, 0, 0, 0, 0, 0, 0, 0, 0, 25, 63, 245
"/home/bradarb/Documents/Liquid-Growth/includes/collection.hpp", "C++", 0, 0, 26, 0, 0, 0, 0, 0, 0, 0, 0, 0, 27, 30, 83
"/home/bradarb/Documents/Liquid-Growth/includes/shiny.hpp", "C++", 0, 0, 16, 0, 0, 0, 0, 0, 0, 0, 0, 0, 0, 5, 21
"/home/bradarb/Documents/Liquid-Growth/includes/vase.hpp", "C++", 0, 0, 55, 0, 0, 0, 0, 0, 0, 0, 0, 0, 5, 20, 80
"/home/bradarb/Documents/Liquid-Growth/src/collection.cc", "C++", 0, 0, 78, 0, 0, 0, 0, 0, 0, 0, 0, 0, 25, 25, 128
"/home/bradarb/Documents/Liquid-Growth/src/main.cc", "C++", 0, 0, 42, 0, 0, 0, 0, 0, 0, 0, 0, 0, 192, 39, 273
"/home/bradarb/Documents/Liquid-Growth/src/shiny.cc", "C++", 0, 0, 27, 0, 0, 0, 0, 0, 0, 0, 0, 0, 4, 2, 33
"/home/bradarb/Documents/Liquid-Growth/src/vase.cc", "C++", 0, 0, 414, 0, 0, 0, 0, 0, 0, 0, 0, 0, 59, 69, 542
"/home/bradarb/Documents/Liquid-Growth/tests/catch.cc", "C++", 0, 0, 2, 0, 0, 0, 0, 0, 0, 0, 0, 0, 2, 1, 5
"/home/bradarb/Documents/Liquid-Growth/tests/catch.hpp", "C++", 0, 0, 13612, 0, 0, 0, 0, 0, 0, 0, 0, 0, 1083, 3133, 17828
"/home/bradarb/Documents/Liquid-Growth/tests/tests.cc", "C++", 0, 0, 160, 0, 0, 0, 0, 0, 0, 0, 0, 0, 3, 14, 177
"/home/bradarb/Documents/Liquid-Growth/utilities/dirent.h", "C++", 0, 0, 706, 0, 0, 0, 0, 0, 0, 0, 0, 0, 310, 197, 1213
"Total", "-", 412, 105, 15788, 191, 302, 19, 6, 213, 83363, 1850, 3251, 275, 4289, 8209, 118273